accountID,companyID
44451402,84097.0
30492817,90491.0
16691344,99904.0
19433773,90064.0
25169734,1144.0
57087312,85383.0
49129571,15408.0
54809913,5451.0
11407267,86330.0
23785914,9144.0
39215631,4011.0
21367990,95045.0
14494132,14372.0
49910933,49940.0
16590130,43104.0
14714934,40421.0
94015996,61004.0
10497671,38774.0
4997511,40061.0
4415993,41092.0
54674041,28339.0
51195513,14450.0
79452741,78032.0
17362883,33308.0
7812438,48838.0
17896933,43477.0
74915738,45336.0
36710389,71433.0
1757140,32573.0
99121372,31333.0
13665144,30337.0
31147226,33613.0
4738981,3689.0
31844936,53816.0
77443761,68836.0
10740740,31765.0
71647431,36539.0
78331129,23473.0
21015794,71310.0
36074419,34772.0
91472487,38157.0
72715076,97734.0
93317997,24738.0
15637884,96636.0
97141197,73932.0
76511594,3739.0
5259212,97306.0
59240871,32979.0
74171646,76133.0
76172793,67843.0
72387791,74398.0
41049376,75834.0
25170514,39438.0
41755521,31380.0
19491887,53645.0
97517704,31745.0
17832133,84379.0
90715246,23758.0
43515773,43873.0
1934520,79371.0
78402414,50386.0
18872466,43471.0
37238711,35339.0
41161749,23737.0
17658448,56934.0
34133127,23155.0
70491794,65873.0
9708492,3058.0
71918407,30498.0
52077914,38513.0
90268010,86391.0
65211807,34188.0
71655029,32480.0
54231337,75531.0
18587675,8253.0
84774951,21372.0
76814378,53378.0
14856716,73538.0
17379154,37673.0
29169456,91378.0
90451876,22637.0
31437173,42973.0
41631467,50833.0
74941727,17531.0
23758156,97380.0
53618107,32885.0
74612370,89273.0
48917045,70763.0
54142926,34889.0
76248196,47334.0
31619707,83335.0
37714641,83806.0
18947588,83777.0
16276606,4833.0
70941446,83619.0
72469419,17793.0
71447139,38258.0
90145761,93928.0
57917447,37548.0
58125356,63786.0
7533717,15030.0
53977107,80473.0
48214747,39858.0
71137472,38107.0
7571224,63886.0
47826811,79535.0
5808417,58630.0
16468175,34826.0
44196797,46830.0
9708531,69348.0
85207461,74387.0
84771219,33480.0
66373731,83433.0
11682376,63283.0
72853175,23784.0
1193452,13383.0
2997065,36998.0
73811171,36738.0
768612,33787.0
77950810,30382.0
71581244,8348.0
27715833,34438.0
17668659,38318.0
46175081,53879.0
17012538,93827.0
17867892,80183.0
85761074,83804.0
97817576,93318.0
21908471,83882.0
71855809,88753.0
23118897,88392.0
95091207,38935.0
23795124,19157.0
71123605,9371.0
49071078,99383.0
71291617,83349.0
69116097,92638.0
49176372,31319.0
1008542,95013.0
3607269,80936.0
43712501,3649.0
81018051,30196.0
94808017,57339.0
21795135,29153.0
58562111,76392.0
21181133,26839.0
21857159,93143.0
18111949,97392.0
57374671,34446.0
51311557,63793.0
81648023,34942.0
62164118,53928.0
1548394,43537.0
6134736,33914.0
88621576,65593.0
53666813,76369.0
24458113,67435.0
78122477,78937.0
48798217,89763.0
82406541,89378.0
18536198,83247.0
6922610,27130.0
51401470,82891.0
13149571,36377.0
41474909,33823.0
71315966,93255.0
71623045,72937.0
1720325,23857.0
57816059,29723.0
17554719,70073.0
4127735,73184.0
27766817,61743.0
938061,34497.0
72725110,3864.0
72755619,29544.0
12311475,74537.0
54742271,33190.0
82561270,31885.0
21731679,53796.0
15724097,13071.0
54448117,16773.0
57479219,5438.0
67690131,77773.0
96187447,89238.0
70412823,58236.0
17413811,32138.0
50956711,95259.0
74651040,83682.0
77132576,31835.0
14233134,83833.0
62731767,72389.0
98107771,29384.0
37157663,43381.0
78463137,78833.0
10707988,5823.0
71909353,78332.0
68319172,85393.0
86736621,84342.0
46032817,34885.0
18777169,37882.0
19027527,88843.0
53191037,32883.0
60754711,38839.0
91255765,232.0
8469886,34896.0
13907919,5053.0
6195753,75738.0
14283037,7983.0
42616972,34637.0
11797262,19303.0
11298283,97413.0
67809178,26693.0
7699334,23829.0
17860641,84396.0
56187676,39193.0
32119484,34092.0
11751198,79336.0
88229158,47369.0
52891146,32849.0
56958126,89347.0
21585755,39445.0
40201288,95233.0
8512673,79353.0
31764008,88053.0
43847716,57943.0
3342281,16389.0
9034184,86348.0
61571128,64933.0
847881,36940.0
97299102,36369.0
21418291,69397.0
75067841,89236.0
39484127,89563.0
2501781,67953.0
7121668,93476.0
19982450,59308.0
87651552,35981.0
58221197,43908.0
17698177,7939.0
39108581,37889.0
73828551,73311.0
96221447,62793.0
47164654,93034.0
28881590,68391.0
11893465,59893.0
41885846,29903.0
61804041,845.0
6444329,44020.0
78168826,28043.0
15997173,79938.0
42165877,4008.0
11613866,99383.0
94886916,1410.0
16467138,14140.0
50646193,14440.0
34170081,40136.0
94874813,43410.0
15788431,44051.0
47748621,20164.0
72783715,40014.0
38772718,4362.0
19868764,10047.0
81909370,60462.0
42109318,17204.0
1070360,42504.0
98816033,22204.0
87481870,72403.0
11108828,46209.0
18207843,92537.0
64877014,40054.0
98883419,26913.0
75115841,63866.0
60110655,4604.0
98145848,49009.0
14317885,44047.0
19181060,34405.0
80484413,3384.0
16550424,4335.0
50881881,47014.0
99138117,40393.0
13119088,40381.0
50827910,65382.0
32809611,84036.0
6806889,64430.0
48375618,14104.0
41768881,41460.0
98528281,9540.0
57314298,6045.0
64858193,4874.0
82555182,44903.0
98162075,43015.0
96802191,46520.0
84199655,3941.0
12415111,93.0
22055186,7485.0
81699385,74049.0
38201129,40603.0
19897099,11604.0
46186531,7404.0
63104119,10346.0
9665012,34919.0
61315432,70642.0
9691141,30901.0
71359062,70942.0
71489961,6347.0
5501068,7784.0
3475726,486.0
10674692,67389.0
81057621,10284.0
35721678,48105.0
81871176,44801.0
6529625,48420.0
23939921,84021.0
91242421,90844.0
91212349,28325.0
49219720,43726.0
13418716,15375.0
41557082,59733.0
4971177,31275.0
31927474,33730.0
68492617,8399.0
51455074,31788.0
78898105,13870.0
61754374,81038.0
11034236,84381.0
6257941,76936.0
47710534,82335.0
36791533,28031.0
56541173,39864.0
8290553,63862.0
51970473,5612.0
12414632,63758.0
74791418,57038.0
44127717,86388.0
81806937,38899.0
79421454,90303.0
97623512,83988.0
71878783,36989.0
8566594,98361.0
51037934,30759.0
80201651,72348.0
38678814,30938.0
51587268,32091.0
4911087,35139.0
21618515,93439.0
12932188,31365.0
7612074,93247.0
59156581,52329.0
14147085,53108.0
99162447,86932.0
77198631,93287.0
6233386,19378.0
10990580,59364.0
11329171,23398.0
28891916,32590.0
14380482,48693.0
16871006,59093.0
1255404,91375.0
73318357,35498.0
8909657,97367.0
41012990,36669.0
2881635,89365.0
7286995,6389.0
12665841,13519.0
1304583,73931.0
81318427,37977.0
88819590,38998.0
77414270,99355.0
75253115,99133.0
89808951,4104.0
64343188,534.0
1992806,99309.0
85814644,39993.0
11882701,34703.0
46341713,41208.0
7786015,98993.0
67398149,40622.0
38261342,4032.0
9357476,24070.0
37619117,4438.0
9361386,43109.0
1761956,4402.0
15823288,3444.0
81179824,4074.0
1496875,54240.0
80109122,34073.0
73482142,40164.0
17888832,73295.0
47769410,24406.0
80739187,6344.0
15178568,52355.0
64314472,4489.0
92512188,4942.0
39021866,64084.0
18982247,25404.0
91858665,54202.0
59258155,45505.0
12975857,44046.0
86617131,6947.0
19092965,45041.0
1715211,3743.0
71985213,10474.0
91671412,64202.0
17898081,47604.0
11744934,34970.0
29018197,7649.0
43121993,4482.0
93580621,44409.0
71088221,63937.0
34956180,38769.0
78172955,53799.0
94818949,88933.0
98173430,98381.0
4978157,93690.0
63642881,99385.0
89856731,93499.0
61242887,89934.0
18160153,49223.0
2105416,4009.0
66888761,6490.0
70012843,40051.0
14378751,634.0
16848462,19003.0
15524048,69937.0
85472191,20446.0
78987461,17304.0
98180284,9044.0
18738648,3314.0
60487158,46044.0
19051588,84405.0
81178339,35439.0
96195577,70647.0
61373009,40027.0
95091891,55839.0
41103923,7714.0
21961880,70457.0
62971112,15074.0
19138223,66738.0
9374417,54620.0
88901879,84004.0
40191861,85480.0
38867129,39704.0
19948813,86904.0
80159417,37398.0
10616907,4951.0
5389619,69453.0
96519803,61345.0
71617382,34394.0
33237651,23532.0
34751614,34476.0
73611295,99423.0
63017894,33753.0
53141731,9346.0
73711867,32932.0
9471512,70413.0
7195666,1726.0
61982701,13455.0
43137462,13332.0
38111805,64362.0
13364475,35869.0
35772441,34056.0
429715,79364.0
60563183,16839.0
24771443,38253.0
11878641,67623.0
70961432,31672.0
42705180,23773.0
64431975,57387.0
10507691,40243.0
2200276,41337.0
81565747,38673.0
79714493,67883.0
52716072,13019.0
1197782,80381.0
35744815,68396.0
65016761,53333.0
15374255,53875.0
14777747,8375.0
10194704,13833.0
56772361,15793.0
27169518,37344.0
18745868,23073.0
72401611,58937.0
6147744,37978.0
19738274,38823.0
8162671,98038.0
15127554,48133.0
15015160,73863.0
50715378,41237.0
70454119,84833.0
63714368,33805.0
31669870,39883.0
85761873,83262.0
27504913,98389.0
22115506,93088.0
89831877,39983.0
75714995,69358.0
81387754,73036.0
80170164,13983.0
75431594,29237.0
29986184,90539.0
1883520,29339.0
31458124,49631.0
12618356,96436.0
89121084,97413.0
18962911,69305.0
2828263,99325.0
31038185,39798.0
87915281,36399.0
27314081,38369.0
84918453,98793.0
83771125,83895.0
96123527,39896.0
7576461,97630.0
16533251,46010.0
93469138,49002.0
12808086,54090.0
1824707,40120.0
6911265,11401.0
27518842,13104.0
37810830,1492.0
74117780,7194.0
51619041,4280.0
84220801,64033.0
51691868,1244.0
77651564,40845.0
88928122,40804.0
80891284,44045.0
10104893,2924.0
12388955,5540.0
39238741,73042.0
73387112,70974.0
5490760,80408.0
86411419,37948.0
14189476,9148.0
7800060,80483.0
72982612,294.0
33692018,9045.0
4963329,46335.0
54166773,20835.0
1936128,37300.0
8883651,43417.0
76134139,63770.0
7129971,9348.0
35120975,75730.0
71284179,38533.0
8031372,37979.0
3264042,37715.0
11437704,37375.0
14461967,83138.0
20158967,36863.0
79413372,38977.0
91232175,27073.0
71624548,63732.0
7332423,85763.0
5695593,11397.0
8918101,73762.0
89718414,37476.0
41727879,43573.0
4778136,84344.0
74177737,82380.0
9593896,39728.0
49708186,36087.0
40937241,83263.0
38511697,80503.0
11680967,63858.0
73751774,37838.0
17795902,98263.0
55717991,61483.0
333843,48398.0
75167217,76883.0
91298788,71980.0
4876992,36968.0
48178622,63917.0
60087916,36119.0
76896107,92033.0
1185888,95360.0
40190831,91135.0
43181314,30925.0
84950110,39914.0
85328251,35953.0
13807533,43946.0
83282015,96673.0
79013958,33977.0
78314058,96331.0
46170757,6143.0
96853691,11064.0
10358146,4177.0
88761103,40174.0
48187232,2447.0
71186108,82079.0
40531316,49034.0
18155136,34402.0
84978193,43450.0
51841346,60944.0
98405311,59409.0
78189494,40986.0
9411092,19713.0
69901430,8604.0
34042731,84100.0
9212283,5849.0
3452991,3804.0
8172981,30049.0
97224148,91604.0
64141161,46633.0
950421,73433.0
51678303,41179.0
5057174,74163.0
4678393,37964.0
13472176,57763.0
49901612,12639.0
87184654,78337.0
95700981,73748.0
6980921,79573.0
95779149,83796.0
95741849,31786.0
41176912,58375.0
5071065,32782.0
8712811,8833.0
59517428,38028.0
81745819,33283.0
22101761,54834.0
56158678,84739.0
72104977,38389.0
72911643,94537.0
65134790,95368.0
87280271,83778.0
78188810,38189.0
16712703,89373.0
5886791,93153.0
3609168,90630.0
67991530,90236.0
8979287,91398.0
79166880,39422.0
8012121,37532.0
54293517,29392.0
9369977,33809.0
11295970,43932.0
81621298,91503.0
44795351,96883.0
4017434,40829.0
32119921,83140.0
2668606,73473.0
66107357,21140.0
85013767,40812.0
55618908,90142.0
69591185,35556.0
87444012,77364.0
76124847,62837.0
3188719,57130.0
97740514,88316.0
51767357,37313.0
72646931,63879.0
41381377,83017.0
9974894,8439.0
47393419,98341.0
9729020,38973.0
22837113,93944.0
58121288,34609.0
13852859,96376.0
65155308,97793.0
53171282,88943.0
7741165,10450.0
5013558,38995.0
13086653,47600.0
81839769,12440.0
1125486,64208.0
11482818,3940.0
41918019,33450.0
16268518,30694.0
83418806,93927.0
18145436,36906.0
91948717,4441.0
84849169,9574.0
85795919,4382.0
25340941,4418.0
42181798,44840.0
53114927,2944.0
82519884,10498.0
39511320,39256.0
37536414,35344.0
5897699,36215.0
18316120,58304.0
49275101,4332.0
9609514,30577.0
40330671,36947.0
7737313,31265.0
35731443,47373.0
44673516,37026.0
84087151,3057.0
75427128,73290.0
10137756,75038.0
5322101,64372.0
78786431,53139.0
19300295,52530.0
84729311,31884.0
55315177,33697.0
45812714,19137.0
86674951,38366.0
54941273,33703.0
4179084,73103.0
7309667,42347.0
21746439,93481.0
4170472,83281.0
15781176,42039.0
76072819,53542.0
72219602,93048.0
73891177,38383.0
25133783,38891.0
35479013,13977.0
80651827,59035.0
18312245,30966.0
97859218,31196.0
89617834,89938.0
28585318,54070.0
5456939,37036.0
55447214,95140.0
23488301,2640.0
89128180,3462.0
81072081,42710.0
12288874,47035.0
6180983,40854.0
13532199,79396.0
51211861,98934.0
88514556,79993.0
96185558,91804.0
57126583,44908.0
18321392,5470.0
18989120,45306.0
93890183,70947.0
59971106,70894.0
96258199,70490.0
39150945,7104.0
1611431,9023.0
13113880,37235.0
7096935,51813.0
2080358,77623.0
71714741,30974.0
61795961,30758.0
21051119,22723.0
12828411,8763.0
7141977,34725.0
99976143,32855.0
16771574,38385.0
26188317,89030.0
39831257,39815.0
25742119,15739.0
58187735,38319.0
10169480,49362.0
68114836,39053.0
1693873,84973.0
67812631,63170.0
73815641,34098.0
6342652,36926.0
9268148,77439.0
85858012,17839.0
58087138,90863.0
13084641,83089.0
15282727,34839.0
43985861,4204.0
46168602,4890.0
39350716,13074.0
47349841,76420.0
47081837,7426.0
81521288,2284.0
8201862,5449.0
50655158,6345.0
38839618,5405.0
6651308,40654.0
59940201,4960.0
36323417,80064.0
11397001,34996.0
1330196,63606.0
87741197,67863.0
17864819,38739.0
24350173,83275.0
71294745,83220.0
98134727,97304.0
39916937,3982.0
1363508,77693.0
75742191,20639.0
12797098,3637.0
84604111,36932.0
81215945,39582.0
1035541,95364.0
59922218,36727.0
17041683,29136.0
18041240,43978.0
12578525,89437.0
43517835,1548.0
4557292,17420.0
80327341,15502.0
8195279,40504.0
73489315,44905.0
91329780,43062.0
9017529,92450.0
92231136,40892.0
11096630,97374.0
5968009,35799.0
7814356,93453.0
80089117,48803.0
11373518,23105.0
37913077,19263.0
11860169,75380.0
9395870,5732.0
89041574,27335.0
47749145,19327.0
18555716,53986.0
81576576,35846.0
82648510,35981.0
15658857,3593.0
1151280,53239.0
77618612,92331.0
77108515,39634.0
16143570,69371.0
68407712,43916.0
88913593,98713.0
58218121,83909.0
3187243,4780.0
7727781,15480.0
17468168,25340.0
47918368,41304.0
36981859,45104.0
15629998,9946.0
78243791,10042.0
19170084,34910.0
17694057,4246.0
95110227,9364.0
61949804,60427.0
59416819,23750.0
1465267,51753.0
34421544,96306.0
54409317,98335.0
27771238,10383.0
14748328,83263.0
17311448,39688.0
17933174,9371.0
10851163,95834.0
18492488,30896.0
17911177,37813.0
86101008,79323.0
61217527,24783.0
34735194,58331.0
60779183,21883.0
43089301,92319.0
15157476,30496.0
79241158,33429.0
9957453,36954.0
87257149,39219.0
25178055,96359.0
2361188,40710.0
11191001,7544.0
41472364,84704.0
6998479,42970.0
2400421,6483.0
91347177,37533.0
14018957,37978.0
871952,32976.0
66315340,91734.0
2507716,53408.0
34755168,86738.0
7740495,53588.0
76914075,58244.0
4579454,12193.0
80879491,43189.0
7212118,63786.0
18934265,1274.0
26178975,24502.0
88501147,20421.0
51990671,14041.0
95054181,41344.0
12918516,44312.0
83405129,85352.0
1579950,7741.0
99416390,66314.0
19801355,11641.0
95791239,26328.0
31726702,94961.0
46104490,45062.0
26798661,50542.0
9585665,77741.0
19569520,41076.0
1964685,44160.0
97855319,14960.0
28991006,65401.0
5828818,94913.0
91750805,61446.0
19918765,57421.0
23901046,94221.0
63959415,13049.0
86021191,14571.0
51900696,35436.0
63164347,22914.0
96191371,45534.0
10952506,22642.0
81763973,53694.0
92916556,42222.0
16439837,25914.0
96872241,40716.0
61110689,42466.0
41616977,52474.0
26427919,76423.0
16351459,23416.0
41622591,53341.0
14274935,29742.0
42961759,43740.0
59858186,40604.0
98368561,62243.0
51619953,54364.0
93417565,38144.0
96269381,94336.0
52669167,44305.0
27229101,45314.0
86019011,43441.0
18211196,14620.0
21929861,42949.0
13574890,63448.0
27913169,33839.0
11496417,22814.0
95517287,37478.0
22166996,42248.0
70716649,49704.0
71867491,14471.0
93790601,80144.0
41578697,74474.0
19953795,37399.0
25615517,83647.0
55991091,55445.0
9945689,27163.0
4789913,44745.0
28701,47023.0
68519257,44094.0
96670711,45743.0
27516197,44354.0
46961561,44256.0
18676097,41243.0
37719951,44453.0
79131421,46443.0
18981946,74426.0
4831253,5943.0
1452966,44004.0
3144686,45764.0
43198999,40147.0
75597016,40477.0
81168898,15974.0
15910599,97844.0
52791978,44169.0
78199051,15449.0
95811849,49564.0
56102576,47924.0
22085701,6944.0
73172939,88444.0
66799015,84994.0
80420003,54170.0
46134484,47045.0
2927107,54151.0
17207413,54061.0
64611972,10313.0
143160,12945.0
22182,28143.0
60791612,54255.0
20956298,40245.0
24207079,22584.0
7205432,46217.0
7798691,64524.0
22051961,35342.0
2237296,84523.0
28002863,55234.0
23971203,45183.0
71024339,74553.0
37819994,40455.0
36077024,32346.0
94337441,44915.0
9830202,44654.0
54810567,74532.0
82090315,84549.0
85404329,54570.0
48830552,54544.0
59453771,56547.0
46820024,48457.0
42152059,42380.0
8399607,4638.0
69116200,71154.0
20954098,58564.0
29918712,62594.0
95420364,44321.0
18591580,44048.0
87768518,74232.0
89690511,13584.0
69022106,49615.0
74840149,82654.0
54326150,92298.0
11679321,97454.0
8525057,93547.0
71057372,84359.0
6075881,42485.0
39804218,78544.0
58091420,85874.0
62805239,54398.0
167253,49065.0
20720209,58499.0
22157008,94954.0
50273012,6401.0
9939156,15194.0
81845626,94852.0
42771870,94434.0
1182197,43601.0
22030238,6640.0
69760271,4658.0
21540624,16465.0
20840497,95481.0
1089435,43453.0
1505797,26416.0
73584431,14466.0
84782470,45862.0
1253316,20246.0
89202764,54829.0
30174280,44875.0
19441964,85424.0
6726126,94144.0
93180179,95449.0
20080011,44596.0
80167020,30450.0
15600999,32691.0
89617882,16054.0
71231803,75410.0
79310314,35142.0
5431026,34651.0
2072421,27425.0
22470800,45271.0
14029263,44592.0
80551983,42059.0
8838346,33445.0
28302206,54410.0
439577,40635.0
80433626,65441.0
2834817,45074.0
60175611,90543.0
10054645,40540.0
38703253,42049.0
76968721,12347.0
13560493,74545.0
44020198,44637.0
95171769,95534.0
6894084,64752.0
5402499,58459.0
10303255,15747.0
74271617,76145.0
2907065,45044.0
54023809,65545.0
55230562,35543.0
9331816,47050.0
55850276,41845.0
265155,55488.0
8197975,53497.0
52738156,55994.0
89283301,40936.0
27770299,76043.0
67720259,64320.0
73102752,85406.0
70827450,40460.0
87838915,63143.0
71107482,94806.0
1912082,34680.0
22903375,34186.0
4575883,49661.0
78094208,42843.0
61014593,56485.0
6200777,60412.0
2648862,62466.0
83027032,26744.0
2629007,60034.0
10795895,91146.0
11243521,69349.0
835162,36774.0
99258409,42626.0
20089409,46140.0
49991117,42634.0
8322459,36145.0
1285352,64249.0
5256947,74364.0
97211580,59464.0
14046962,44364.0
21055380,45364.0
10331324,49456.0
18672485,67446.0
35109718,44674.0
21795201,63844.0
8382491,68464.0
63213013,16945.0
12091423,46563.0
24781198,95465.0
12098913,46885.0
29923105,44233.0
4701610,11642.0
99539517,87416.0
12819610,55227.0
35164001,43251.0
69403145,22904.0
95112630,55149.0
58196291,24221.0
10976732,60443.0
90448413,83036.0
24140781,76743.0
4982601,43844.0
21198668,84420.0
69108708,63424.0
70406916,64335.0
9373433,74442.0
49361379,14424.0
11953512,92404.0
16687989,53473.0
10074307,34042.0
7711196,45014.0
45821233,57943.0
62669691,42245.0
1336999,37438.0
97571966,60345.0
53625159,44489.0
91711759,86543.0
56546619,84405.0
9417760,42842.0
10181985,43442.0
13498045,47783.0
91676012,41384.0
16719491,47747.0
17219698,47574.0
87169181,19432.0
72161418,4494.0
48121996,34147.0
97607140,40947.0
95153879,48894.0
91096075,5448.0
12931056,10145.0
1660126,51479.0
70319431,40854.0
47993149,52421.0
37240022,16745.0
91988889,41945.0
17052908,54803.0
10121331,41256.0
6283621,91245.0
32025297,24145.0
47414097,43035.0
1397792,37452.0
72199377,45365.0
36591191,95445.0
20461530,54144.0
44002652,33754.0
30695223,54648.0
80339816,5474.0
7779582,59644.0
48530022,58408.0
52262709,58140.0
85848115,54804.0
5109483,47950.0
37280082,95441.0
98602012,59984.0
24311875,59491.0
11555447,91640.0
88400204,61445.0
1754730,61049.0
40015714,14269.0
86650422,47602.0
12130099,97234.0
84969251,65542.0
91655151,45214.0
9627125,42431.0
84169951,64838.0
6995508,36643.0
65956101,42206.0
30329461,41112.0
69195163,16524.0
29428951,71914.0
90016916,24422.0
14604376,94232.0
46815496,19734.0
16269042,11440.0
9343253,44241.0
11618621,54412.0
8219647,43318.0
11966215,74405.0
1734153,26944.0
97660194,48824.0
89476185,46465.0
16710917,44904.0
1961346,24104.0
94179867,44307.0
91095803,45748.0
81191583,34447.0
31738951,64841.0
19409167,97446.0
18239990,44885.0
9715573,4149.0
8198673,456.0
24070406,8548.0
69636149,65541.0
6590618,23547.0
24347802,74285.0
16256122,25432.0
3311106,45605.0
9623799,6564.0
5492548,58477.0
27095103,45370.0
34027026,74475.0
70124960,85486.0
33996209,37189.0
7967671,56748.0
10562153,54879.0
87200507,54799.0
8097294,19456.0
70399622,52914.0
31827519,16940.0
60267344,14946.0
23702872,44554.0
75871979,14648.0
55042289,41620.0
67159214,61046.0
59047195,30245.0
9084668,84511.0
19415961,45961.0
36108990,40250.0
62361892,48061.0
46964111,63427.0
16950151,24044.0
89717186,74144.0
1228462,84714.0
33571140,45041.0
5430047,43144.0
9731336,32425.0
1509368,18444.0
12989274,41046.0
53168903,4488.0
33910917,90664.0
62234193,64652.0
62340415,23234.0
34199142,51214.0
90743517,21544.0
19779585,99170.0
14145626,63341.0
74256941,14417.0
73948516,94731.0
41799614,90049.0
39046113,94961.0
20134774,42624.0
47540691,46045.0
65141068,13425.0
49646113,10964.0
56549851,47399.0
37136569,49552.0
13619521,16404.0
81796154,94446.0
90532179,45473.0
93911817,84454.0
96067148,83717.0
57741954,41964.0
47190428,24564.0
68819944,47484.0
80219560,42860.0
67478912,84442.0
92507195,44692.0
10212010,94497.0
59121175,94484.0
78961961,89446.0
76194991,54309.0
24162023,20754.0
22237004,4125.0
21022966,64043.0
60700591,45142.0
99146831,12455.0
31320220,86493.0
89369166,50345.0
23684072,55134.0
24098540,45521.0
44056962,48555.0
7402096,63546.0
7395042,65743.0
11141073,75495.0
6905320,57346.0
80610189,75479.0
63402791,49995.0
57525402,4641.0
49072712,61034.0
99603361,64119.0
79192514,47631.0
2097306,32469.0
96974072,43648.0
69622102,94643.0
10294683,46034.0
11648304,65124.0
20472132,46945.0
22781110,42196.0
38928118,52463.0
42144221,54866.0
12762828,83462.0
95590208,41664.0
32159008,61349.0
26165167,44364.0
40923343,45463.0
92078030,74642.0
3028621,63418.0
126899,44164.0
16014297,46044.0
93219101,44646.0
8438372,64934.0
8820189,64824.0
61809927,46643.0
8549897,46174.0
12062107,94306.0
83509413,74131.0
46975891,54712.0
75908160,25424.0
51496028,24175.0
19996115,14420.0
96391212,14646.0
71999638,41485.0
94671533,46484.0
91986664,41454.0
56298015,52445.0
17719226,25449.0
41493787,90413.0
5874971,46247.0
51731581,42468.0
96143508,44439.0
9519378,99464.0
6999391,14085.0
382258,54123.0
22257990,15499.0
62761301,41044.0
4453718,17354.0
6706112,70754.0
21908625,85405.0
50362753,43203.0
33839610,95460.0
8119903,44334.0
1312596,11544.0
76661953,62497.0
21110839,96624.0
95051232,32412.0
59120184,64241.0
29156337,17714.0
91205916,4257.0
68192291,64540.0
73180978,37425.0
6073641,57242.0
69925214,344.0
64218617,42565.0
17269581,10434.0
86307891,79434.0
58261369,84440.0
2376168,67379.0
20168534,44443.0
12739868,36213.0
31944914,49740.0
96214030,13048.0
14196161,70453.0
25071098,54043.0
29306032,93451.0
83351755,46345.0
4204733,95314.0
61907213,45532.0
50692004,44165.0
6077532,45406.0
23040550,4578.0
3426385,59564.0
28657550,70345.0
8396325,73457.0
7576311,46559.0
2103946,26504.0
80720070,34628.0
429821,49632.0
86004291,46637.0
29107287,65734.0
71900262,46747.0
28641736,94446.0
3531858,46451.0
55220411,4846.0
13102860,53694.0
51741231,45654.0
11286089,37640.0
21029813,61234.0
42011498,63435.0
82305869,45604.0
5202811,464.0
29189355,45791.0
11875256,45741.0
3511269,47685.0
52036008,19458.0
4602288,13145.0
10967590,44598.0
3268667,12463.0
8480829,71640.0
78821076,41496.0
96117367,76464.0
22013080,65641.0
11242809,6416.0
22092048,43587.0
23142117,14316.0
32230399,54770.0
35781341,65466.0
18214525,43462.0
2881097,6442.0
84089206,54276.0
72573602,16454.0
82511004,24161.0
78721045,26142.0
8043668,38643.0
4988437,64422.0
2030273,50447.0
43808195,66454.0
10458027,28465.0
32311289,54356.0
99531542,46604.0
62310169,49732.0
7040177,34023.0
18611578,44903.0
1170963,64452.0
49610277,83841.0
5819161,54841.0
79117170,46554.0
81239696,42784.0
6155223,47547.0
85150274,23502.0
13011463,1446.0
10250804,43373.0
84659717,97494.0
43280530,20449.0
59270991,55460.0
920182,21450.0
20754751,84255.0
42043727,24953.0
9148771,63145.0
44010129,45715.0
72163720,54056.0
71819423,85154.0
42100672,50346.0
57127558,91460.0
20015213,49612.0
30515814,23564.0
20188529,64499.0
31985389,44780.0
96631177,14364.0
93168110,92445.0
59946152,64478.0
9280153,74488.0
75991019,44845.0
32503919,18444.0
60198919,49462.0
5961496,22245.0
8861121,35431.0
72212203,45757.0
4102362,45520.0
27142602,28542.0
3386325,50242.0
23217157,74206.0
8769615,6740.0
88707962,14613.0
85900238,1416.0
42052028,54917.0
20763970,24607.0
51801728,24606.0
8090262,54651.0
41820297,64412.0
24597401,65414.0
352111,32446.0
49160122,64448.0
12501625,14356.0
29133142,39153.0
47475109,16384.0
99846411,21644.0
48946179,50224.0
34774916,98934.0
74948715,44487.0
99730813,9484.0
74937921,4225.0
9470103,55784.0
10257836,70454.0
89578202,70246.0
28078226,15457.0
15708281,46245.0
26093271,24553.0
7619937,54159.0
68111396,47903.0
67751490,65446.0
6445928,64290.0
82813449,42853.0
22600660,8457.0
50024836,94965.0
20132775,60450.0
15772508,46366.0
580792,44468.0
82098911,80174.0
90971969,14343.0
21105198,11463.0
51697406,57234.0
7954681,14491.0
65184891,3899.0
89711100,86453.0
21562520,55542.0
18194199,43257.0
40315011,84054.0
4179420,44116.0
72210130,3443.0
15729031,35719.0
79847418,24548.0
468500,4460.0
74118807,40540.0
42080802,14411.0
8373188,43437.0
66859881,84713.0
5216203,42237.0
35448917,44718.0
22931131,44876.0
9732170,76449.0
2983106,52344.0
30881250,45536.0
18411205,58445.0
76622660,82453.0
32527606,64554.0
90249724,84595.0
2511990,70466.0
3011198,17456.0
3834066,45222.0
29176737,43371.0
15819672,64322.0
64519914,26444.0
9736771,34448.0
61966377,44624.0
50089732,64391.0
40776248,95436.0
5692170,16422.0
97171475,6814.0
82108604,69415.0
23328281,48653.0
12182126,89904.0
16149523,84804.0
28592061,58038.0
16585076,39457.0
27310695,87324.0
14093864,82387.0
11073453,24006.0
15915400,76839.0
27119574,88378.0
71001751,20738.0
71448631,44388.0
76836107,38638.0
44011746,83859.0
17442911,36383.0
94341973,78832.0
85176431,8437.0
11907335,3837.0
41745424,4021.0
6891536,37969.0
12758158,69401.0
35156096,38596.0
3001475,36578.0
15610643,14084.0
43176626,34822.0
5179285,18144.0
64411597,26553.0
27206114,52843.0
82158275,54606.0
91072647,16731.0
17782364,61409.0
19460101,24383.0
13343371,48334.0
34100748,33269.0
8177832,33492.0
24781203,33223.0
25001180,5347.0
13786518,57453.0
91796380,35744.0
34618967,93613.0
95774213,99943.0
16819743,23333.0
83810337,54390.0
96371085,38505.0
15742213,75434.0
31768531,35329.0
10394674,68623.0
64118364,7061.0
5267729,64313.0
1817965,30884.0
74132387,62330.0
71613308,33553.0
73146386,29384.0
67337119,97334.0
27347631,86003.0
41221471,7536.0
9134171,89345.0
91733172,37323.0
3382379,83341.0
57731037,57343.0
32813746,35763.0
13961479,13367.0
77343149,37343.0
87933910,21386.0
43474031,68821.0
92473615,14321.0
13422663,99053.0
68504721,38538.0
12492115,41737.0
31755447,96953.0
54601715,43698.0
13502765,73449.0
5629677,53467.0
73349781,50303.0
93927111,11332.0
41940463,73337.0
50647521,73335.0
32467031,39176.0
73071141,17863.0
11424710,33221.0
675103,83763.0
84117864,70373.0
57240512,84349.0
16139050,23533.0
23731031,73737.0
42795516,30655.0
9957409,17683.0
3721774,55364.0
70107245,78350.0
17600744,43784.0
12772414,63847.0
23576471,79300.0
9986585,23007.0
57013478,73127.0
79531243,23757.0
60634721,43244.0
61471416,73459.0
51177154,65336.0
49126137,53093.0
89100122,57359.0
74771799,72438.0
44107068,12735.0
74646103,73552.0
10644909,32579.0
64136294,57349.0
7914416,17093.0
81791455,90188.0
19215108,35433.0
55739341,69537.0
15740749,53394.0
50119753,37681.0
55070713,73566.0
46369175,32659.0
74317520,71936.0
8990054,50376.0
92741349,803.0
59141601,73355.0
15573934,59302.0
16192662,86673.0
18003527,13906.0
7915333,35359.0
41887715,63396.0
1793674,20703.0
52731407,37325.0
57113773,17346.0
90313403,62376.0
78541074,53093.0
70014742,309.0
54679112,39977.0
82719531,43372.0
26470187,63733.0
76447188,65733.0
64479931,48363.0
41174746,22063.0
8902126,50763.0
6045071,57369.0
61884370,37751.0
90741967,58131.0
13878605,72370.0
16430471,51873.0
41778656,42703.0
1727502,39897.0
38511574,923.0
73016533,33872.0
10779535,53527.0
17347757,9732.0
17416715,37488.0
41754163,3435.0
37996621,20924.0
91405831,34679.0
23876710,39871.0
17605724,73220.0
27605140,85773.0
17234387,7763.0
77841751,73231.0
14467558,73931.0
13449313,76431.0
50416731,21873.0
19714642,80736.0
10198756,14503.0
3877918,13315.0
73275410,83017.0
8575417,57358.0
87724159,7634.0
70543814,8391.0
39218933,73654.0
2074987,17839.0
71691765,70376.0
31966704,45773.0
67443179,73376.0
56457138,95246.0
41514705,23882.0
94154973,19322.0
50615155,79553.0
45213714,34985.0
58224071,2367.0
7508349,28736.0
17807525,22318.0
75157039,87325.0
8729265,38772.0
24413944,87434.0
13878328,73687.0
30930312,6637.0
47534818,34257.0
81350202,68233.0
55977610,39118.0
55681275,23740.0
77194266,27324.0
9087164,35783.0
10254147,89237.0
6550712,46347.0
31568723,48394.0
36775761,7553.0
48241756,68234.0
49350341,78354.0
34908531,70143.0
85715348,35371.0
14775414,65737.0
12747728,68383.0
61441723,43707.0
33957141,28834.0
11120114,82036.0
31435715,80313.0
15922827,7583.0
77902167,53973.0
42755031,15367.0
41416378,67354.0
71418730,30522.0
13863742,79643.0
41717528,30486.0
75224114,96263.0
21624774,30248.0
67336591,38448.0
4038743,73075.0
77138374,18013.0
11521437,51653.0
34271735,83146.0
11782664,79033.0
84164017,78930.0
7929104,55753.0
76110686,83882.0
16525752,92734.0
21683128,28734.0
39146756,33507.0
31241176,42379.0
22515753,19734.0
4948287,95737.0
77214151,77373.0
73949811,75133.0
46407331,73718.0
67984179,53774.0
82477017,34994.0
36318179,67623.0
41488967,55836.0
97717456,38354.0
3233282,83866.0
77271141,34308.0
57773541,39577.0
41773947,83796.0
78843107,62873.0
43478931,23743.0
88535714,94743.0
69711594,2783.0
77757641,73694.0
45721915,37183.0
24797661,30723.0
12643770,38736.0
71711057,44763.0
73217481,41374.0
6140677,38040.0
59370918,91336.0
25417714,89443.0
47761298,68963.0
26441738,71539.0
8286696,32373.0
21630407,23989.0
16806458,78374.0
79491470,73087.0
41176774,38117.0
18476357,41891.0
31199472,31439.0
81683759,43801.0
79331435,34825.0
71046019,38234.0
77911454,49839.0
70638531,65263.0
33456014,76283.0
49770212,30568.0
35790431,81173.0
62017571,73424.0
93149375,72347.0
39309174,35143.0
61940673,37128.0
14673455,38537.0
71528370,98303.0
27537841,83113.0
29671561,32436.0
51738345,73323.0
34615329,9736.0
44577521,53832.0
76917867,87632.0
15117573,78683.0
74797173,12843.0
3926395,94836.0
74734631,46823.0
7428041,83345.0
57912416,33268.0
4883842,91384.0
51676904,33338.0
42769721,69383.0
19218500,83524.0
48768617,36838.0
76345301,83735.0
7321208,86373.0
3236967,44833.0
79611826,13938.0
84146721,43864.0
67661666,77137.0
77019445,48134.0
13976646,38457.0
27726916,38525.0
4334519,37585.0
57016922,88383.0
68176458,30838.0
86470716,83596.0
71735121,36683.0
7376259,75638.0
87108021,93384.0
62626751,63717.0
43199085,73880.0
12641728,78438.0
50561157,87737.0
50098061,91387.0
33105487,73898.0
97782781,76320.0
47115157,35745.0
72144169,76738.0
71413917,5328.0
65527371,91145.0
8919667,38086.0
81433587,53785.0
1117789,31355.0
64451870,87389.0
26410168,89039.0
75941654,79838.0
9527471,38787.0
72115711,89396.0
74509316,94138.0
3102498,93000.0
57941477,68832.0
79812066,93035.0
97181979,8637.0
51020071,14390.0
6117989,16093.0
12078749,23374.0
14233173,93213.0
14071618,89463.0
95971078,74813.0
12234875,69883.0
48223791,33906.0
78710910,13995.0
58127550,51396.0
8019328,93361.0
6380791,37091.0
29172491,37286.0
75321116,94223.0
57481331,69139.0
96566981,73329.0
28131598,39622.0
17179952,86703.0
38435176,39234.0
13215186,99203.0
64117801,59933.0
5647162,43901.0
10038138,87883.0
1797931,53139.0
240493,93112.0
11840238,33909.0
28819181,66338.0
35170601,23692.0
18156143,53293.0
83319115,39942.0
78391108,1953.0
17881030,94203.0
17141902,93421.0
48512411,27032.0
53613114,49379.0
81122395,3597.0
4141691,55931.0
91867048,56132.0
7663471,98349.0
5118420,39427.0
92202918,32295.0
16827616,18389.0
50179107,65835.0
14724844,97553.0
61835695,33759.0
58758143,56093.0
43158286,893.0
55298712,93916.0
14078940,55639.0
90198214,91634.0
16481633,63586.0
70377712,83254.0
56613901,92357.0
66889144,8793.0
48315787,63946.0
85104119,43639.0
14322742,18793.0
42981078,82233.0
11240648,79396.0
70343951,49793.0
20421581,39776.0
89048157,28933.0
11447873,78153.0
2357851,43057.0
58235471,48639.0
15497747,73356.0
42474100,75373.0
2292956,3167.0
33531784,553.0
75202541,15642.0
15311043,69370.0
91151473,75345.0
72234177,79345.0
37781774,3975.0
89127514,87434.0
71614738,72293.0
71596841,36921.0
21556686,53406.0
17067014,24638.0
75541489,72933.0
5198589,66363.0
93147676,59035.0
71221343,36118.0
51750756,32577.0
14557087,72673.0
61881600,47369.0
93471126,75315.0
47472971,76350.0
91317747,23458.0
6717000,37398.0
11227752,93538.0
21907748,73578.0
7718214,48357.0
67338115,76353.0
51708487,92379.0
8247716,37733.0
49217407,83385.0
4046587,63777.0
54577291,50543.0
43914197,93840.0
70178575,38418.0
5512772,39428.0
19670591,38758.0
79201872,64830.0
17337521,8830.0
15918730,63814.0
75711445,82356.0
44111670,71073.0
41494571,82830.0
692624,33468.0
9074991,34043.0
4165145,78333.0
4220431,63418.0
36714271,3318.0
59176100,8336.0
21551727,8193.0
81514124,46838.0
10583772,51863.0
64769146,77037.0
48917582,52823.0
17319974,81530.0
15727191,87034.0
47747215,13838.0
91802185,44622.0
72646411,93368.0
77506851,41833.0
71616544,43180.0
27504614,80335.0
79537011,98332.0
71376723,23038.0
43838179,97973.0
19744999,53579.0
75213583,33970.0
8002969,33398.0
27276181,71429.0
42637121,54254.0
12264818,32888.0
35789187,34388.0
66658167,38835.0
86751674,86743.0
17841272,35788.0
80704501,88635.0
88137179,83079.0
71217281,63817.0
17419178,30608.0
17678821,83185.0
1317867,58385.0
46170067,81003.0
23581109,83061.0
16654595,53335.0
7311443,88239.0
11264597,60309.0
41742669,39589.0
76716815,78399.0
19723807,39003.0
93547281,3985.0
21172924,25911.0
84011390,53538.0
73419471,98232.0
26812518,48337.0
41957642,39009.0
8841903,87320.0
71237385,52739.0
6184716,91732.0
41233778,13966.0
83109380,79392.0
26115816,92307.0
14881416,33505.0
15187472,36872.0
71701277,93360.0
55299218,36329.0
38016232,39344.0
21214318,33989.0
89021853,98343.0
11762989,97437.0
73409817,30208.0
54668712,34739.0
10238032,78337.0
19379698,33519.0
11378103,83988.0
17493152,94133.0
89650210,92334.0
76444941,8349.0
91124058,59939.0
88626124,32967.0
81561883,15526.0
92481454,39366.0
19172669,36592.0
20636814,52392.0
3419785,30147.0
41749544,96713.0
42561152,74003.0
67991632,90368.0
41461684,74933.0
17478309,24739.0
14914846,34698.0
3226907,99036.0
8414670,63293.0
45140788,6837.0
10415873,16380.0
55551471,83690.0
66141789,33672.0
13191521,74593.0
77421869,79623.0
91424382,84913.0
18339582,99336.0
61287681,30328.0
79785165,19693.0
63163839,53396.0
4746898,56353.0
23527841,93997.0
2102383,87281.0
5595971,93998.0
16620881,1004.0
61274886,40010.0
50678119,47303.0
79438146,82193.0
56501802,7034.0
85418699,73183.0
10513774,2640.0
46998611,22339.0
13198199,4115.0
17824319,40513.0
70581430,20340.0
6179864,497.0
97028901,4208.0
17487833,91640.0
74948518,1420.0
77081884,50524.0
18758058,29401.0
85558771,37806.0
54761509,435.0
21938178,90247.0
61801937,61634.0
81571375,5142.0
41637281,6214.0
90215782,94250.0
1438248,37478.0
20705910,4293.0
42274311,4410.0
70168483,89983.0
18661835,30194.0
60648156,26693.0
44176497,194.0
17327018,30430.0
16288328,44002.0
96891881,40433.0
81818931,20684.0
68681121,4573.0
86830891,7484.0
83931189,14084.0
81610508,63083.0
13837172,8439.0
8349255,46838.0
7867143,25054.0
58763176,58940.0
99978013,50484.0
98519983,40664.0
23163272,20466.0
87501158,23773.0
11284647,41406.0
81014490,33594.0
1581172,18311.0
67597175,17319.0
83034611,38360.0
81593270,70471.0
9737092,86933.0
78177646,48700.0
79691291,30468.0
92114769,47803.0
17071180,19375.0
16430870,88042.0
81789723,77536.0
19453587,23996.0
33681094,25304.0
75889416,40658.0
87091950,95743.0
77141416,7743.0
71671219,92410.0
18894927,88663.0
13004277,66953.0
44791847,37881.0
36587114,52732.0
64749712,43216.0
55237193,98637.0
1997282,67231.0
10124576,47535.0
74754571,33085.0
89680148,8793.0
9949973,32269.0
2837659,47463.0
77310498,3729.0
38706541,20489.0
29119555,83811.0
4914878,13182.0
58917553,53648.0
91787073,7337.0
18318574,75371.0
35187474,48073.0
34167167,738.0
3541532,69399.0
60847751,87357.0
97489791,17413.0
46471743,38161.0
67015788,60399.0
31145701,76437.0
93355471,31838.0
99167013,58037.0
40755149,37708.0
92897149,77632.0
2174470,73371.0
40472615,73575.0
45191769,16743.0
17069613,43852.0
14071275,32724.0
7909822,35453.0
34193240,69388.0
34937801,39587.0
43136771,28350.0
77151463,96376.0
23154471,90433.0
46187067,83432.0
26733114,13877.0
27541680,74843.0
66674416,36804.0
67171790,57338.0
47467104,35783.0
31187276,53188.0
12878347,35801.0
51545670,84359.0
6452503,32883.0
18367997,38378.0
37093164,34870.0
31013507,8838.0
38312679,13930.0
66716935,90320.0
37779311,98837.0
88135717,94030.0
61972907,49318.0
63095215,95403.0
91967572,83954.0
35791171,379.0
7183744,33706.0
47413148,92063.0
78140561,90813.0
5579396,61493.0
89471870,13991.0
41904801,31449.0
66060198,39031.0
40165067,3394.0
73182980,23219.0
83712511,83295.0
16154748,77393.0
70921275,2140.0
4763178,39238.0
17963481,99323.0
13618878,83953.0
63186632,56833.0
78565716,93993.0
26819234,93065.0
91417284,62112.0
299743,93406.0
39841482,37945.0
15578822,93058.0
13388813,32302.0
87161464,33840.0
71093558,37409.0
60313008,91639.0
14488146,36699.0
49519974,45399.0
35169927,82737.0
79871179,33852.0
75011943,5953.0
31631938,54639.0
84149841,43658.0
17332329,98263.0
59106862,89637.0
85141789,23099.0
13578835,18932.0
28158582,38397.0
69087451,73514.0
75021245,98631.0
5263000,33399.0
21618896,71131.0
46417915,84723.0
91570828,96793.0
48617665,4090.0
10141987,27364.0
2104744,30804.0
22815650,39893.0
17168694,34699.0
69491823,93999.0
1991948,99223.0
68221051,841.0
26037831,62434.0
11886345,38093.0
59241108,51257.0
9742514,27438.0
81457787,240.0
61509017,27240.0
16819277,4322.0
13477981,23043.0
61613230,43933.0
97988713,37227.0
53647418,75003.0
23771219,89553.0
55169414,36859.0
1799454,39953.0
54896175,55433.0
19134947,53394.0
87320991,47334.0
34789313,93949.0
44873152,61583.0
86715479,44054.0
10994108,47983.0
68721629,65638.0
76649157,94440.0
29718482,99404.0
8729839,56406.0
90817968,63637.0
48198857,94085.0
52191766,50547.0
51361495,74063.0
25313083,56904.0
4598195,76480.0
69804013,18683.0
16751171,53513.0
87044513,40340.0
66316387,27054.0
88092881,574.0
12149044,76046.0
41019993,77402.0
21391662,40374.0
53919815,1743.0
11690141,18532.0
5716127,64233.0
73694141,38829.0
71598938,88933.0
71574085,32289.0
18555531,39628.0
15389052,93693.0
93868115,3936.0
511188,93332.0
22047218,54002.0
13940151,3286.0
2474115,42345.0
36560119,99394.0
8702699,40384.0
31741757,90041.0
76854618,92389.0
47717689,49021.0
9944792,4760.0
80297011,69014.0
74858271,23617.0
45167482,4321.0
12940144,38204.0
66793819,40924.0
88181430,93953.0
50248513,6124.0
38971008,49200.0
8120864,45082.0
11281858,43301.0
61384598,67993.0
6959556,45637.0
7879638,45045.0
4841893,37869.0
19310757,90388.0
8399628,93681.0
65184578,29460.0
41718453,20441.0
8724236,54029.0
6504874,9704.0
11114976,46075.0
49661117,39205.0
5035836,1408.0
80761643,84045.0
61114293,52793.0
81287166,80242.0
28194720,74054.0
51824579,38411.0
75166169,63897.0
11441485,79064.0
93899001,55839.0
42757613,67367.0
14128878,4888.0
91819892,33863.0
906296,43056.0
69714635,87334.0
23571796,33931.0
1317738,30335.0
8150301,48033.0
37104771,42239.0
1364938,75349.0
7637431,70372.0
6996690,59343.0
60300197,63074.0
4604043,17593.0
1476088,19329.0
14134974,39841.0
47831347,89036.0
14970105,25034.0
11872174,73869.0
93147161,37289.0
14571620,86893.0
18454074,13475.0
47477814,70436.0
51689074,95473.0
47164697,44637.0
50411770,34937.0
47416141,47339.0
14726799,63573.0
6111653,72314.0
67771481,52337.0
46517606,65237.0
14616270,67293.0
40418636,73267.0
93717114,3591.0
98531728,77093.0
51715177,58368.0
77454418,38706.0
17525645,79312.0
65941697,45539.0
28713544,95623.0
3291364,73266.0
72317485,44873.0
45675501,83110.0
3893671,83828.0
19624651,98393.0
14777168,36739.0
10717864,13668.0
63417179,43807.0
88310415,53771.0
7361299,23740.0
57986174,81832.0
6672602,34687.0
7741646,36286.0
87517708,79381.0
20582417,86316.0
47421715,35581.0
35641997,86138.0
17746937,80329.0
91477985,63933.0
14545777,43375.0
14755416,16385.0
51317784,4883.0
75207155,31771.0
91497297,62351.0
93716844,33658.0
82218485,84435.0
3636604,55835.0
2198877,2327.0
65538818,35771.0
10882746,32615.0
18253149,93298.0
53597691,83148.0
47818175,2293.0
99711447,93032.0
6974783,61349.0
95960819,40937.0
11083221,8932.0
4431095,33991.0
81194088,29137.0
1583538,29315.0
40418181,97733.0
74176165,28839.0
10986691,48933.0
13481987,93313.0
67002182,71239.0
81166021,45733.0
29110980,19113.0
48101682,34955.0
19138588,59938.0
38812430,64338.0
27383001,49623.0
13148387,91365.0
1384127,31297.0
41517894,53829.0
88191513,36964.0
48610503,87933.0
83921463,57398.0
80493851,459.0
98811267,90732.0
80138010,10640.0
45128548,39992.0
7113470,24.0
46470184,99473.0
84961623,45710.0
80857751,65823.0
71020768,40813.0
78919884,30408.0
19868825,39322.0
81191781,16408.0
80401745,40623.0
53861847,34188.0
37372118,34708.0
61867748,4447.0
9825161,4694.0
3098013,67553.0
17698724,73249.0
81844621,3064.0
87139535,52113.0
48072140,22064.0
1130926,99413.0
66508192,54120.0
55149686,83479.0
88167825,38046.0
58291033,40233.0
14585828,60674.0
28115151,24740.0
14443901,8748.0
39971118,44363.0
23795137,73315.0
17530023,43617.0
44617347,46231.0
13572831,86402.0
24289217,23358.0
14919064,28323.0
41408612,93357.0
46150710,76731.0
21173818,93965.0
95401997,93731.0
73271664,31608.0
51594101,83422.0
1936770,93775.0
72618940,32017.0
91125774,36872.0
9864812,93683.0
61654140,39833.0
3314173,34408.0
6161961,73347.0
13713674,3322.0
12007817,73674.0
14920890,72893.0
86938,33973.0
19464076,74036.0
61409129,28350.0
19097462,73114.0
57412324,17903.0
61411754,96436.0
4164393,47366.0
5612879,34688.0
39374144,38012.0
19326715,40133.0
11817427,43738.0
95773410,23273.0
47762317,17334.0
47165466,83517.0
55171171,63275.0
17751541,87035.0
35861971,84320.0
14082438,12652.0
4979290,55053.0
17649229,33830.0
91367728,66643.0
89816585,33842.0
62618337,86483.0
16736742,73840.0
44194569,88348.0
971993,30738.0
5130146,34833.0
16603257,84213.0
97658715,73388.0
71038863,63793.0
12260751,83947.0
1037288,83238.0
98571661,39783.0
69766191,95193.0
34181207,89237.0
81882710,30923.0
12439815,39933.0
67822810,32998.0
11216163,36299.0
7923062,3915.0
48297991,39342.0
48980291,10963.0
38031501,96493.0
28127349,92403.0
10510385,73776.0
10461199,99338.0
30248415,39006.0
1818470,83924.0
11641238,93444.0
11807927,49351.0
59142401,94533.0
51198233,89273.0
17482631,78397.0
81501583,43429.0
94513763,72393.0
1198079,38691.0
6291979,83889.0
85838410,28937.0
17898583,64937.0
31199448,29359.0
18697016,56983.0
54811676,43997.0
43959814,39913.0
6072741,39983.0
44881510,23789.0
21664679,90873.0
15495277,49349.0
62811862,14046.0
99114702,70470.0
9193797,11420.0
82718618,64603.0
16689187,47340.0
68187816,20539.0
4097956,4554.0
92118649,15054.0
20714105,44069.0
89321581,91337.0
82147580,61430.0
97030019,9424.0
91214887,49608.0
17211080,6430.0
15305009,47404.0
41134740,83857.0
4976835,48500.0
32541531,5408.0
78138989,80451.0
98025166,5230.0
73189667,8324.0
74819894,30522.0
14187805,4960.0
1647151,7549.0
11401999,90462.0
28091663,33789.0
97926131,92225.0
4503319,73481.0
17114460,48312.0
37631709,31605.0
10077741,56539.0
97782124,92376.0
18714947,64537.0
66976147,63497.0
39117594,25015.0
3322104,34459.0
41480703,37232.0
69013518,34667.0
31178427,87389.0
85147215,30407.0
94962617,57553.0
629640,57613.0
18746731,26485.0
5364475,53379.0
27716424,78734.0
41508937,19613.0
11438437,30307.0
3155151,93287.0
80535571,63774.0
14971154,56383.0
40512418,36738.0
7315174,5737.0
94357741,43428.0
31434272,53841.0
7986572,16051.0
30241510,32145.0
18101467,73794.0
20691747,73020.0
711577,62937.0
76457791,70343.0
61714161,12383.0
47726109,73492.0
35647120,83541.0
71557196,42382.0
75981674,34238.0
71066186,42834.0
66721629,69863.0
12727417,8753.0
27991594,35768.0
77616136,38290.0
61978201,53788.0
14028776,7301.0
71354039,45358.0
71141920,90913.0
476148,59350.0
83000911,1390.0
16980167,93102.0
74867916,92463.0
42871146,58134.0
67149676,83716.0
84451600,33619.0
3004865,93173.0
69213187,69343.0
29208159,41093.0
5966362,99143.0
16735682,54932.0
54328451,39395.0
10573511,13796.0
8210749,39407.0
99184305,50054.0
7098760,30268.0
96719015,72349.0
67297,93881.0
71163445,81838.0
75347581,53357.0
24370471,30866.0
88414477,34637.0
7143400,38348.0
27418672,17347.0
41330737,33168.0
47536051,30471.0
7508414,30680.0
23737115,66837.0
76249111,24325.0
1870480,66830.0
26175036,73890.0
45700991,13368.0
21773415,63884.0
4563771,35584.0
83160915,43828.0
37121883,88983.0
9817937,80938.0
8515553,94388.0
21257957,37189.0
91078023,32389.0
1968545,89377.0
51371541,73334.0
14637168,27349.0
87863118,28913.0
66851516,94339.0
1545600,97413.0
21225841,56328.0
77241565,89439.0
40823913,53906.0
41192286,37321.0
22641744,96935.0
57274381,37609.0
77568144,30894.0
50844961,83949.0
54875917,35983.0
61152869,39594.0
5246217,58397.0
35651864,20408.0
37686189,89343.0
2637413,4034.0
98828816,4149.0
5739125,15406.0
50681054,3142.0
84331984,4383.0
17014483,40452.0
10060818,28048.0
13008270,39043.0
5961636,32890.0
84518412,34048.0
7275123,6014.0
88938919,74934.0
1157444,46650.0
9958018,55935.0
38811542,69024.0
199194,50732.0
87179944,59362.0
13483911,72084.0
19923273,7747.0
75179721,45058.0
91216141,4939.0
13933911,5533.0
77418473,35742.0
51028151,93135.0
49460129,2393.0
32569173,21237.0
51784743,13049.0
5976094,28683.0
2692693,43271.0
77526471,47939.0
67117134,28539.0
10031496,70703.0
71645114,93263.0
33549781,73696.0
59497114,23207.0
54161721,40393.0
67383317,55338.0
3701964,68234.0
12423615,22013.0
75210535,32186.0
26429471,53828.0
40811147,87364.0
13991724,93045.0
14742505,34358.0
71737870,17333.0
72164564,31301.0
8320439,76463.0
1127437,69343.0
84175749,3327.0
47561770,44936.0
64313307,81937.0
20785128,13771.0
97642541,28073.0
6361125,70837.0
81475201,57135.0
3000136,83917.0
44786741,80737.0
3383211,77983.0
99348517,35973.0
1407282,32379.0
82481776,35880.0
59541997,79383.0
72160747,2398.0
1176762,99271.0
32723451,59438.0
18547675,15803.0
260088,51535.0
97712421,23982.0
80647214,68523.0
51715476,78643.0
74163477,73086.0
96777614,13647.0
43766481,88439.0
50771662,58838.0
77519829,83994.0
31203927,22293.0
19163181,49363.0
88022171,19143.0
49597931,39330.0
28108115,93795.0
55088138,87539.0
38841633,89031.0
47686281,16004.0
61587181,81401.0
7297228,99312.0
73861142,43014.0
63842178,43099.0
61197978,53765.0
48170871,34688.0
73121915,40022.0
37817797,44370.0
19016812,194.0
8224901,10314.0
61884638,84309.0
81848368,4250.0
23119578,85604.0
30711700,64903.0
18918736,4450.0
89176834,46700.0
19113536,4478.0
92419181,84804.0
93859291,84047.0
81110911,70488.0
98805811,80478.0
57445701,63849.0
15498440,43299.0
18112048,90395.0
8714115,4832.0
1657753,79539.0
85176491,83697.0
71833931,4302.0
81188656,40074.0
17155708,47270.0
9358419,84014.0
18793681,23938.0
8936779,80443.0
68189578,38225.0
2362481,7454.0
15172198,20574.0
7673269,33583.0
7629905,10430.0
80381676,23710.0
21832014,4673.0
21455737,21330.0
94081118,33987.0
9225136,83365.0
31974424,7253.0
71379534,43507.0
73161056,81137.0
70125755,57398.0
5189065,1134.0
91122941,35873.0
45740011,43966.0
9527917,25963.0
7423990,76183.0
18564417,44348.0
1920984,38132.0
90507651,47837.0
4268913,38044.0
74051141,93777.0
79648941,83830.0
72193775,27283.0
31993911,77398.0
33281571,33987.0
21302015,80593.0
87016897,99131.0
5073946,34319.0
50869518,9388.0
9894802,97352.0
11076781,59363.0
81513101,28093.0
61661091,2504.0
17980869,24120.0
73738821,24305.0
50818868,24042.0
87969931,26044.0
41503988,72044.0
68761834,20494.0
81777982,38732.0
47180715,40195.0
44177010,53045.0
79245818,20764.0
19381811,89400.0
91655111,32435.0
6014598,76823.0
17451401,38717.0
38172141,43756.0
7066409,53701.0
31948277,60033.0
12317095,56253.0
51026174,61738.0
98402517,35158.0
7123751,37785.0
47710991,28859.0
14183113,97843.0
24769851,63281.0
77114374,83668.0
2881089,98530.0
34614891,59843.0
61970252,31429.0
81117491,33193.0
8264614,35959.0
88438110,44900.0
16247929,4102.0
27621718,34090.0
21973379,40012.0
11592524,81430.0
15855397,73753.0
8379135,35381.0
75916259,8841.0
85215985,84104.0
41891711,45933.0
8958739,53076.0
51708143,56439.0
72354412,79536.0
10984027,33367.0
27125891,6393.0
9207892,37683.0
37760127,33172.0
43589751,95530.0
47193272,65393.0
2125537,34072.0
6514375,36574.0
37415797,57929.0
41164197,3907.0
77471563,99307.0
23157471,96350.0
64234271,96327.0
7178644,7703.0
47913332,38383.0
9066175,85341.0
11325950,57831.0
4169655,60238.0
23713617,43319.0
1071340,33209.0
21819744,89334.0
53881631,32395.0
78611850,96003.0
19181384,59253.0
81316625,31314.0
97836615,79535.0
83298115,95329.0
61728616,93992.0
86210131,38283.0
51760102,40444.0
91088401,37400.0
48134058,50493.0
48649811,55940.0
64999618,34021.0
68338817,92470.0
93721715,40917.0
79111785,51460.0
20815495,9794.0
71391391,29490.0
39196842,1094.0
4456637,71294.0
9781865,57637.0
77881744,68153.0
11547647,75832.0
9564083,83366.0
17753547,81370.0
14866757,73813.0
65087145,78783.0
34919779,83195.0
18664497,30773.0
85831674,23382.0
85995175,73426.0
16749693,34598.0
18822772,53941.0
10386296,30290.0
81010474,39018.0
10737389,64932.0
11738515,39404.0
24179850,33099.0
8523889,4.0
70166186,41400.0
17018156,15406.0
37718544,93704.0
49818539,3094.0
14870788,5481.0
68812089,70454.0
3056551,54440.0
82711431,6824.0
24099188,4923.0
31033339,46317.0
86014187,21531.0
11644007,98143.0
51328715,58232.0
99791522,38919.0
29261684,37410.0
37015462,10478.0
18379559,36670.0
52983140,44164.0
85819791,21624.0
73995182,46821.0
15289928,41806.0
91359375,47016.0
39172597,43159.0
67958179,37704.0
47109251,94312.0
56510298,46271.0
16934813,20734.0
91633262,23814.0
11953926,42166.0
85719991,43811.0
13318169,94711.0
9073372,79174.0
86091079,41149.0
51819456,41158.0
84718104,21142.0
26099198,91402.0
16416299,15584.0
89861582,20724.0
11496726,48012.0
86129436,14738.0
40782815,14295.0
91096567,68414.0
58819969,44020.0
29621365,44329.0
56415285,42403.0
74369141,15417.0
92921555,82431.0
65369921,22476.0
46174119,21483.0
61593254,22704.0
96064123,42446.0
20217481,31154.0
44014374,70224.0
25916820,642.0
22206915,17544.0
81660971,40662.0
80170896,12924.0
62118429,44128.0
14469215,72454.0
47915755,10421.0
1643245,42224.0
11993364,26824.0
16979354,54832.0
91896751,83244.0
48461933,45264.0
89631517,24618.0
62983661,74133.0
28965515,62394.0
44916659,93240.0
11216946,91904.0
60291453,10824.0
16930527,46184.0
91892855,42145.0
67419909,26524.0
91593786,25740.0
69916153,56842.0
64902217,34664.0
69523112,80243.0
59962124,14210.0
46299391,12541.0
59649951,76541.0
11069493,34840.0
19660748,14167.0
79468190,53634.0
52074135,4224.0
41313369,12242.0
28219699,43904.0
61397572,44909.0
61975779,44424.0
14679667,82437.0
79452561,72104.0
80999418,64490.0
46902817,39425.0
57118288,46148.0
11312848,64376.0
16563269,44400.0
98861663,8232.0
16844259,83480.0
42875134,68341.0
19692681,88423.0
37966514,32456.0
14668459,43699.0
4335167,42491.0
99706061,28249.0
1239557,33306.0
32187923,40811.0
19776118,21144.0
77518693,65443.0
53691303,54450.0
74912336,61524.0
50991598,29394.0
67979160,44637.0
68268591,3444.0
17611697,52412.0
76210121,70442.0
40179240,42403.0
8907088,39243.0
16565393,4340.0
58263961,33943.0
96125363,20514.0
49756821,6394.0
21317709,89414.0
33002211,84146.0
6494993,54154.0
4585734,27845.0
75986221,42420.0
65819465,44364.0
39314171,42511.0
95492612,40094.0
14939495,95643.0
65916991,36944.0
91665769,89394.0
61986191,34324.0
4285508,42201.0
65906129,34966.0
51317090,31594.0
88922110,83078.0
901507,39474.0
36661989,73966.0
22917741,33481.0
89116923,37442.0
1239790,44831.0
52589176,45411.0
21869176,14005.0
98591887,4124.0
98198061,14324.0
46791629,84843.0
51524790,73545.0
45432616,16309.0
38787180,54644.0
91225669,14410.0
96112730,46112.0
36814191,86144.0
252961,43933.0
66010663,64137.0
90590061,75763.0
6814874,4321.0
58769010,44141.0
78371161,43245.0
68693717,34941.0
3619119,14464.0
66191087,54452.0
34619166,49126.0
95161355,54443.0
10779779,43434.0
68111749,62426.0
89136795,54419.0
38186597,96414.0
94246188,64145.0
27764961,44463.0
33197701,48421.0
16219806,40452.0
64891615,17941.0
62420915,4422.0
89312826,84637.0
96509916,32446.0
6094675,64410.0
31610973,23440.0
64811187,54329.0
19362168,46349.0
5522433,54424.0
94541066,40294.0
97210350,48446.0
97751865,44438.0
15538599,43683.0
88741193,34439.0
91786454,44453.0
38923014,14495.0
97891551,43504.0
63920619,62392.0
4163221,34827.0
9452894,4442.0
84901567,74793.0
96159975,40548.0
3331532,78773.0
57990141,34034.0
79741611,35944.0
19808566,43388.0
31936256,43044.0
67276921,54054.0
78651264,56454.0
30537015,54440.0
12927716,47541.0
66899175,83029.0
54909178,15233.0
6081711,80634.0
61265569,35794.0
61396661,45349.0
79768710,82474.0
4917487,19734.0
61618197,83746.0
68191629,94164.0
77891116,58743.0
27551990,48543.0
32196569,24543.0
19196873,44545.0
73946417,94444.0
91174352,39773.0
16796846,94645.0
42196101,44442.0
73197871,42554.0
28769211,74146.0
58261094,79473.0
17047998,61344.0
9968941,45644.0
3610506,43463.0
96139226,43999.0
66192189,45302.0
61797584,44666.0
19473997,86449.0
54111620,46416.0
81906121,13444.0
81644913,87663.0
76739114,35464.0
49021717,58044.0
3199724,46844.0
11283823,31748.0
97909711,92494.0
59495189,31494.0
29091688,84424.0
70864175,42194.0
91971771,49574.0
19195739,4848.0
9517097,92434.0
45618508,88484.0
95797159,84481.0
13556150,40448.0
2198994,77443.0
61389187,30824.0
89691610,24252.0
4858139,41458.0
53519961,79231.0
76804124,94440.0
19994499,94964.0
24821797,74840.0
93130951,46494.0
8895556,49474.0
5120210,85744.0
47599145,85347.0
66041219,94254.0
6627080,3454.0
2024491,40335.0
71323681,66442.0
38795311,99935.0
98636915,5154.0
50637200,12645.0
81919422,40894.0
19667471,20154.0
6311185,74075.0
306739,46450.0
1007026,98414.0
21298659,51284.0
12102364,31054.0
53016020,48551.0
28022091,74993.0
371251,88415.0
4443908,54911.0
21470099,56046.0
24413200,95242.0
82063240,4519.0
21032320,14574.0
32566918,54169.0
26705127,35402.0
21422002,39514.0
188601,66425.0
87061292,18574.0
19900022,45143.0
16968162,54417.0
62390156,44751.0
954933,3415.0
30992231,51294.0
72057924,29954.0
10503250,95264.0
9292697,85432.0
53022004,96254.0
96145163,34453.0
21300028,5498.0
62146735,36404.0
48186147,43205.0
16820434,24345.0
27032522,58934.0
7141623,49350.0
21130317,9544.0
95310599,45393.0
7333272,21548.0
21986431,45144.0
28753803,64455.0
72609342,44245.0
48624090,59534.0
61121808,45410.0
86958841,84554.0
95951614,54545.0
70297400,45405.0
75017317,84425.0
83935290,33954.0
23072442,64047.0
59319978,54534.0
82780466,24464.0
7551696,51944.0
80916089,47595.0
52095068,94545.0
21063652,56484.0
3253945,28544.0
7162493,64541.0
26502740,5457.0
201014,51465.0
3113747,56234.0
65165284,63540.0
81513802,56574.0
5895645,55864.0
35064742,14555.0
1347236,72154.0
9193559,72054.0
58260882,55409.0
80981357,35458.0
20709532,84404.0
82915724,24542.0
77207240,69485.0
14101296,43546.0
78437191,45643.0
29640596,45802.0
19834871,19442.0
16197093,44452.0
24082228,53474.0
20962010,91453.0
56565193,68451.0
62281,45487.0
44346109,49334.0
2569516,33478.0
2711572,46045.0
68592102,52864.0
98303372,49656.0
25723530,45857.0
90267811,8456.0
630862,34681.0
30193855,64450.0
85066139,8434.0
17689293,59444.0
6018722,24549.0
9672619,55754.0
85062201,14950.0
72170610,49334.0
19960039,6643.0
971429,54650.0
9271682,6444.0
60762907,46650.0
8164413,84434.0
85991813,61104.0
4056028,8451.0
23431013,49906.0
84020192,14760.0
70663723,47434.0
4344346,7204.0
33563291,54906.0
42523018,44125.0
71391117,97945.0
20379951,44690.0
75575011,67244.0
1031893,41689.0
18734005,64265.0
13190712,74226.0
8063732,7494.0
91923785,74414.0
96789914,20844.0
51124989,94428.0
5759607,19481.0
14623269,22344.0
18087479,44948.0
99636761,41584.0
79113952,1405.0
1250091,14184.0
62609179,3540.0
4320999,44194.0
820706,39910.0
17907764,57314.0
17700027,91594.0
39612222,74773.0
59159761,1541.0
60855991,41255.0
32601160,54159.0
10257225,85154.0
1418763,87474.0
81988699,57424.0
47520225,40562.0
96319889,53481.0
57918815,24345.0
45032228,40134.0
1977233,37546.0
95220734,83435.0
72631209,95634.0
23410716,74903.0
67791016,36451.0
42920403,58534.0
63291205,44753.0
72082872,67366.0
78184427,83044.0
19129719,57344.0
8461973,21563.0
21464341,54454.0
78861797,46245.0
39128598,26544.0
42710166,56540.0
14950269,55452.0
4848121,55450.0
89313873,43745.0
90214255,34845.0
60422398,99445.0
94241077,54185.0
8644422,66442.0
69106251,44576.0
9197666,45555.0
80648302,45363.0
80421267,56954.0
83114318,38465.0
52065760,42235.0
41523649,47135.0
2499209,24259.0
80462942,37904.0
15087641,77445.0
8254309,14525.0
12330364,20547.0
55204952,44275.0
62666502,56448.0
66484331,74554.0
81809322,54790.0
61576519,40508.0
24545209,34374.0
72193018,20548.0
54702768,72554.0
947102,47685.0
6971399,44095.0
56267020,40590.0
17604012,50489.0
23967260,1553.0
11642147,19342.0
64963191,98854.0
26070380,14995.0
21179616,54144.0
78117129,54929.0
24671154,59542.0
29022190,4759.0
9549730,43559.0
82770923,81445.0
92314744,28455.0
6266070,58483.0
27770666,94541.0
82001759,11448.0
94195081,64590.0
46270274,22414.0
11796957,56445.0
77002454,64143.0
9797587,84795.0
28426022,61840.0
82608029,86460.0
9275868,43157.0
12905190,74416.0
48824408,44127.0
5505917,75604.0
1922268,21746.0
34215656,42505.0
1552172,21464.0
77827077,42546.0
7992315,24186.0
2687594,46729.0
77951271,36924.0
22592750,81849.0
96203971,42036.0
9267033,40536.0
19410320,84349.0
94111132,23684.0
64035692,39634.0
90127829,93476.0
88902250,42265.0
7980282,54844.0
9720086,56435.0
55608416,64149.0
16990030,42645.0
11024162,62446.0
47228102,42464.0
5455535,6469.0
78231001,17464.0
4851722,57435.0
21194520,31654.0
9730919,43714.0
48196608,66449.0
12202078,84496.0
17205049,33545.0
42360839,64425.0
15204061,49640.0
81326679,74564.0
19211692,45562.0
21153760,46849.0
7613659,70144.0
9108763,19741.0
19987965,69389.0
5692113,77413.0
36591668,24421.0
6957556,35421.0
53411258,44011.0
81963256,14991.0
90517756,84041.0
85508918,46133.0
13089055,5149.0
85639916,24186.0
62910174,24601.0
26597169,12790.0
14644857,14984.0
91674741,44880.0
94888721,46166.0
1089236,4582.0
14389626,81154.0
7239869,65329.0
799712,32389.0
84817515,81240.0
79551741,61645.0
68090001,79841.0
81695243,63497.0
8198325,93741.0
85367917,41167.0
60118579,74715.0
61891727,41981.0
44100484,14473.0
59211582,52467.0
49514618,25144.0
93169811,40127.0
10954560,38420.0
14142869,34345.0
34163317,34699.0
9948806,73534.0
69810556,79714.0
14228691,84219.0
5333973,44250.0
8754148,84340.0
81969073,44222.0
69111957,82346.0
18251975,32634.0
41567954,44254.0
93091436,34686.0
65221966,19368.0
88821732,44472.0
68419703,44057.0
93767186,33436.0
91635481,82845.0
28817697,84325.0
46196641,41438.0
1884309,64838.0
67951661,15452.0
12695618,49034.0
23291723,43549.0
47019024,2414.0
90871316,44713.0
56961568,93144.0
18890762,41249.0
48116014,46428.0
3339169,15394.0
86114096,30704.0
5181145,20324.0
3760194,34492.0
21916488,91664.0
26927031,38144.0
61486957,30710.0
345718,80934.0
1721052,47938.0
3996539,98414.0
43416784,43944.0
1479051,78934.0
88309,49341.0
2298471,47432.0
95168801,38059.0
81432684,64154.0
11939599,51434.0
25219127,5642.0
61291516,49423.0
30552781,7444.0
76212898,28444.0
69517538,31773.0
45179237,48452.0
76160901,94427.0
93146959,57044.0
91856076,46752.0
15014926,2305.0
93892761,49343.0
10498177,44598.0
3947530,1744.0
43018051,44612.0
83215184,44953.0
5890188,47954.0
17090882,44542.0
47122209,44426.0
92118806,39831.0
48175568,40724.0
1732975,88444.0
99498771,67873.0
87051015,94454.0
76677941,40246.0
24118940,54484.0
99991074,44699.0
51869272,44586.0
17081599,44745.0
51415818,72414.0
57917358,86844.0
4579279,54471.0
78501987,44932.0
74913202,24487.0
9751589,76484.0
18547719,63833.0
74317156,45864.0
56021949,59442.0
6201953,94948.0
4997401,63845.0
15109151,4349.0
21998999,80514.0
60283560,33834.0
69871106,46488.0
89179549,94444.0
40101448,90524.0
79444163,47850.0
14020732,49500.0
72603012,41194.0
16379986,2423.0
61903401,5418.0
8962165,98442.0
88737415,84842.0
90932721,45214.0
1211166,10839.0
61676219,53442.0
49124614,44497.0
4030620,29145.0
96961111,41515.0
13838042,52427.0
62124068,92435.0
29372703,14615.0
83814390,46258.0
9683282,52245.0
29560222,5324.0
42208632,45338.0
61042432,43757.0
61789178,44344.0
10697535,94375.0
97211675,84224.0
91993151,40425.0
2873893,40554.0
36064205,54535.0
70526189,90349.0
66793691,15514.0
58370246,34615.0
3853255,56145.0
9773116,42744.0
33698312,42758.0
14607263,79547.0
25370467,41448.0
98188661,84590.0
14979936,48495.0
9866927,94855.0
2744000,8845.0
89161116,43458.0
54082686,37854.0
56059177,46594.0
7735032,95143.0
51127650,62104.0
52049712,47524.0
20483093,6438.0
37277022,48984.0
98818106,44602.0
70479042,60154.0
73983022,74834.0
5921973,46661.0
12246692,61438.0
31826306,51643.0
20173117,87414.0
57812898,2864.0
51972058,3134.0
41752899,19425.0
64125013,41214.0
98755113,42057.0
65172219,89049.0
41945944,41916.0
3421298,73991.0
83714401,45717.0
30908168,45632.0
96665151,41695.0
15956195,42491.0
35029613,2096.0
3654141,41314.0
9915864,24773.0
2495869,24814.0
68561920,34129.0
8748397,74403.0
91877476,84619.0
1395103,44078.0
7795950,64157.0
51685991,74042.0
9776611,84412.0
71453101,13443.0
41691979,10048.0
13959473,43425.0
39119976,88833.0
69472771,84493.0
19659684,44445.0
72249217,53475.0
41397564,69149.0
91281672,24424.0
57641590,93847.0
38128274,74433.0
91858461,4114.0
48691129,49441.0
96211099,49712.0
59176791,65453.0
96361755,17347.0
97635179,54054.0
16276959,41021.0
89619267,40632.0
9694691,97347.0
90161662,53549.0
66096116,93781.0
87951871,66184.0
26197861,49643.0
3124022,47114.0
71490296,59439.0
41016037,62294.0
64290912,45441.0
79768901,42647.0
61914495,33452.0
47817712,23846.0
95841639,23429.0
19436209,4460.0
8323900,10244.0
61969608,44149.0
90181629,8379.0
7898715,93924.0
82116646,65449.0
95718988,44939.0
871840,42460.0
41243814,6244.0
18496956,92288.0
54111629,44215.0
46861990,15437.0
5159766,13154.0
98645125,92343.0
54126196,44220.0
89581966,44527.0
18797538,24432.0
36959001,99473.0
1269665,34085.0
22691867,41842.0
80161099,15434.0
84165892,47411.0
402286,44017.0
31252136,41374.0
81618079,44372.0
69481690,42418.0
71950154,40489.0
16370179,6224.0
39126356,44861.0
4583539,44686.0
63519189,71434.0
73220881,75437.0
19671592,64475.0
4901993,44497.0
84625815,44075.0
6291719,42924.0
64989081,54433.0
62860531,47544.0
88417069,13300.0
10197426,66484.0
90896412,44896.0
29263216,44383.0
11711610,84407.0
54180219,17449.0
7349045,37449.0
523717,90544.0
19956418,49934.0
40192124,49784.0
12318091,84540.0
7241738,20054.0
60189698,40514.0
4027097,58047.0
91174153,56405.0
3124207,36965.0
76757812,13545.0
67042591,74343.0
57679101,77245.0
40980317,15401.0
7085865,48134.0
42189129,74438.0
98815138,33406.0
42274140,5347.0
7003852,23645.0
42093335,43536.0
90122830,50434.0
39106976,22492.0
96851364,58454.0
28004403,48555.0
21457274,54353.0
50472006,61415.0
13571691,48645.0
2966513,34572.0
28027032,51457.0
12004055,55745.0
52805350,46058.0
851422,54705.0
49591810,74055.0
321776,59304.0
32109720,94554.0
65404971,36458.0
8006772,88435.0
2106290,41244.0
39619571,94556.0
10133160,93564.0
73727020,44243.0
29576116,48591.0
31062128,46026.0
11978429,59674.0
71314942,65234.0
16109009,24672.0
82807205,31642.0
87597791,76146.0
1169655,74218.0
85959751,31414.0
15084092,97374.0
14235076,42491.0
69311108,71234.0
6416691,17084.0
91671937,56714.0
47599919,49714.0
19529847,61346.0
69081960,48374.0
16689759,21114.0
91598246,64925.0
61504491,4147.0
9632817,8444.0
61627959,28347.0
42056491,65142.0
3108379,80464.0
15896192,544.0
79165868,62543.0
51669305,41477.0
36528199,40422.0
21509960,68224.0
20513168,16044.0
17796704,24346.0
3476506,25434.0
15211799,44275.0
56230139,52634.0
56155897,27543.0
4771515,94773.0
24471014,14146.0
65001961,94444.0
58187089,94404.0
27629017,50443.0
47592031,83443.0
19911771,4425.0
90761165,64454.0
6905989,34095.0
61951965,40476.0
3137688,14774.0
99781181,76464.0
88811512,44974.0
78991801,96413.0
1587321,24444.0
5944144,48346.0
3709796,42348.0
80970916,8444.0
99191731,77944.0
21392903,24576.0
17002412,65640.0
56225113,93637.0
49976111,21814.0
96699162,78412.0
91219624,34462.0
91436354,63874.0
18017369,42614.0
51961653,4222.0
81439691,13149.0
90612644,44083.0
3697579,95741.0
93912366,12422.0
34953161,45817.0
99851556,38481.0
61436219,13419.0
9948013,74064.0
80181815,30474.0
90947761,39834.0
94386561,37493.0
74812672,48393.0
60916319,82148.0
1285663,14408.0
31136793,94432.0
19945645,42771.0
5910957,42467.0
72369701,44018.0
71971076,44220.0
4194167,48396.0
71856927,82144.0
25871396,86934.0
2885298,8044.0
76810966,46649.0
57614291,74476.0
82929871,14437.0
88869117,49374.0
41699901,34405.0
71732946,47384.0
83919467,83449.0
78991606,48348.0
59417991,89341.0
11211696,9244.0
18983379,53024.0
49326511,70154.0
97122630,45742.0
91185069,72154.0
425144,74644.0
79197782,25421.0
40145299,2454.0
10032071,45061.0
22780101,54422.0
12903012,65441.0
48013422,65247.0
10701183,43351.0
60119585,94504.0
70023568,35554.0
34342240,71741.0
2889047,44845.0
19306645,65746.0
559282,4516.0
48101248,45805.0
40249513,57584.0
95909052,54272.0
8419118,34578.0
6700082,56464.0
69361851,8845.0
69246321,46312.0
95221136,59344.0
35136445,45591.0
76682040,646.0
27390805,79454.0
27104363,44510.0
71061427,39540.0
7450211,67400.0
20045557,65419.0
81422307,32646.0
25575018,62473.0
3841958,42642.0
6804926,23464.0
27809272,62484.0
46320921,25467.0
16297061,77451.0
9858226,84272.0
41721784,65402.0
31217421,54944.0
17771919,54646.0
19174129,25684.0
11523277,43665.0
25286034,36461.0
41087241,42367.0
6222520,64512.0
91764020,64393.0
50882099,86429.0
12491290,76164.0
18611110,36644.0
90293961,90554.0
76200220,47846.0
27228091,38490.0
1064919,55468.0
61229885,54777.0
30269802,36694.0
39546159,89362.0
7108617,97038.0
28228561,24231.0
64963164,77340.0
55675415,41521.0
89105459,84373.0
85911659,30544.0
18749629,37374.0
15598865,32436.0
99651464,8440.0
1153227,4431.0
6154995,51246.0
56211693,14441.0
78891966,53344.0
10167923,73725.0
61468577,48930.0
11761916,14843.0
19495893,36448.0
11074906,89134.0
66693641,45647.0
17898726,24245.0
13941796,44332.0
62191296,14354.0
6119697,47643.0
10336581,49427.0
49541177,84476.0
9451386,74740.0
18378905,74469.0
67125760,47479.0
91103141,38544.0
5878988,88744.0
9646273,72449.0
95160985,51494.0
5101610,43410.0
66991636,50534.0
23017030,9452.0
4481021,45280.0
1717587,46350.0
24220092,31579.0
56951104,54114.0
7973019,65364.0
70425243,62564.0
73025838,44552.0
40025746,14754.0
93611231,41355.0
1609854,44957.0
1439691,45846.0
6348906,50459.0
3728072,35864.0
61979079,35403.0
84929713,6664.0
28652107,22458.0
9625516,72459.0
18619051,45296.0
20059066,92640.0
20786378,81541.0
4801979,9514.0
3219476,33233.0
51978018,24944.0
14148697,98234.0
52436691,59413.0
8214954,64434.0
54701277,74843.0
11692166,87444.0
15759776,46463.0
25185666,33594.0
60660149,38349.0
51698474,43614.0
12914796,86144.0
5516080,45944.0
51938917,84854.0
77221989,94744.0
18296937,6442.0
18689910,24486.0
12990196,14506.0
21506260,24850.0
40311270,41514.0
11468492,45015.0
68557120,5453.0
6583325,14831.0
45219838,41416.0
99623431,52584.0
19524,42431.0
29708114,84375.0
1479368,64985.0
41709366,56492.0
33271270,34062.0
76032369,46704.0
5390652,47572.0
39295161,66421.0
51028518,16461.0
17874840,81445.0
19062360,48169.0
57842081,65420.0
7201641,36447.0
86390202,64843.0
2081349,48363.0
7660247,53462.0
25531341,54468.0
25201765,48546.0
12891269,46436.0
67302269,15420.0
67518696,63496.0
24084257,14315.0
5369049,42556.0
2260973,54285.0
19949018,54566.0
56568280,74925.0
75192198,14442.0
61019688,58474.0
20702647,89854.0
66197383,54061.0
22635210,42664.0
239280,49763.0
3894797,69843.0
76692029,67344.0
19178292,46204.0
14095299,64332.0
80939524,84565.0
60027452,46605.0
50141858,20946.0
22972199,53643.0
95027273,14364.0
58922017,88346.0
72962580,76704.0
28205907,56476.0
4243942,64493.0
49915026,44426.0
11693423,46470.0
9820922,11564.0
51373972,64349.0
7498727,22744.0
85162949,95464.0
812128,46562.0
6516898,66454.0
17348401,22545.0
29961094,49151.0
21661819,99471.0
51891601,34494.0
7659267,95643.0
6161369,24034.0
18816932,44793.0
25719919,47227.0
52649617,83328.0
1949492,41054.0
21094861,92404.0
92486961,54440.0
67147079,42032.0
10165193,84369.0
6506559,40595.0
71095117,21414.0
67219389,43718.0
66291290,94313.0
65168299,14344.0
57061987,74474.0
17015730,34654.0
67013764,49442.0
52417717,42924.0
8795281,51144.0
762112,34533.0
24631220,46551.0
8640022,54952.0
40324628,34433.0
11397059,65954.0
81530292,46420.0
60171374,57494.0
1087771,51476.0
36525040,76463.0
7826978,90450.0
82451565,75464.0
70020872,24062.0
75601269,11446.0
99019536,43121.0
69361160,44813.0
59611696,47936.0
26690154,4783.0
14976160,82919.0
34271415,17442.0
51185963,43475.0
56098991,44988.0
91694,94132.0
13496377,23451.0
20465130,24514.0
1818179,23254.0
28241195,89636.0
9145913,16645.0
9444031,47359.0
18366205,84416.0
7313178,16460.0
87024836,37436.0
13916725,44925.0
1257300,36414.0
7294633,41568.0
42502578,15854.0
67520955,13644.0
72703191,26724.0
16616719,47546.0
18522427,64153.0
14357076,44442.0
19936830,34834.0
5963127,24783.0
69156801,74042.0
90716169,45204.0
72191771,40541.0
11637997,71514.0
41403926,45554.0
1440025,34653.0
43289016,55346.0
54409289,44645.0
5679639,99456.0
80179318,8462.0
66920076,61754.0
62739014,74454.0
43126250,46242.0
98182027,457.0
12109495,40845.0
20779143,45256.0
49678313,35145.0
69151668,67145.0
67662035,66454.0
84661120,51648.0
40883195,30423.0
69126439,84429.0
46983161,64452.0
19491612,23447.0
49869361,21249.0
8682725,40408.0
17790791,23453.0
13089325,65446.0
7460222,43445.0
40012371,4525.0
46104725,45963.0
14732228,1364.0
26200271,24424.0
9612396,18441.0
98617589,62914.0
55314276,20444.0
4041097,84408.0
19314677,40354.0
20273904,84455.0
51639799,49111.0
91953166,86936.0
55676511,12104.0
14772582,85324.0
50468951,58374.0
16043228,44474.0
97989513,82636.0
49751761,64378.0
43727143,47467.0
61618017,29461.0
12953090,5058.0
36593611,70914.0
20723273,21884.0
49095512,350.0
90071287,98648.0
4867662,96499.0
21351132,575.0
3322802,15974.0
1264449,70742.0
2823227,82642.0
37280421,47842.0
8102311,70093.0
46647192,98050.0
91222367,94797.0
10202772,10569.0
20425255,14677.0
14233694,30894.0
162172,26740.0
32444138,15907.0
21255028,66494.0
28193526,68050.0
90611649,84509.0
67454182,77425.0
72330415,19994.0
44162052,57610.0
23246182,10305.0
27360923,72540.0
621720,3205.0
66119537,32458.0
79931132,2859.0
5639616,31384.0
15552242,44687.0
82344151,54376.0
95321247,80745.0
25274110,80365.0
8219518,53070.0
53701155,59036.0
63420524,24481.0
44114257,21605.0
20428508,60894.0
41411000,2949.0
26202166,83804.0
26241646,89334.0
80189880,95073.0
91836472,56547.0
82523413,97744.0
19020410,76499.0
24657,98419.0
29611522,38874.0
40682401,47715.0
83132003,91457.0
12118224,15303.0
31191117,9642.0
22476214,94465.0
12689955,57284.0
19467401,68934.0
91432841,22904.0
58995018,84071.0
41274312,7746.0
13236739,44769.0
18563852,84849.0
70920032,9274.0
34819652,48591.0
62394321,22637.0
31490754,67440.0
9402214,84750.0
92100341,27641.0
31312471,45902.0
64769212,20153.0
27788529,5461.0
65691045,86043.0
2334322,88147.0
4993731,44008.0
44224941,4878.0
7829441,8347.0
44105424,68254.0
54128788,84860.0
15266207,68463.0
59363192,36274.0
51124982,40654.0
2862952,57774.0
91964321,33055.0
32961624,64847.0
91215167,47415.0
21120423,57654.0
29373341,40702.0
42222108,46893.0
4476998,48417.0
22161144,14347.0
44112011,74922.0
14005135,14472.0
91121342,43570.0
18400432,11449.0
17818721,20587.0
65247529,40605.0
21562738,90325.0
81563622,44550.0
72645820,97402.0
56434112,97349.0
9058520,74331.0
9221204,45057.0
24222437,44441.0
4945332,8955.0
28846411,50459.0
33027432,84266.0
87944212,9485.0
22963269,6470.0
34183220,57644.0
21047333,43879.0
21378220,88443.0
91127158,46786.0
4124894,44803.0
51442161,41618.0
41785423,81074.0
19415442,5537.0
52791378,73467.0
19240637,57341.0
11324772,53481.0
76790441,59478.0
46243174,24897.0
14904303,22381.0
11532957,17340.0
81551427,18664.0
56185784,48209.0
52178143,77460.0
66723143,66510.0
17725232,51706.0
52237227,48375.0
61741996,44408.0
6809279,29477.0
1778791,96481.0
50042931,24477.0
16419222,94541.0
99191274,74884.0
24162374,26524.0
1321274,77400.0
23417213,56306.0
3455587,40289.0
11010097,16580.0
57772297,88423.0
25455166,34894.0
40426715,54006.0
75289732,19412.0
62175595,17467.0
16634326,47349.0
92260425,46491.0
93245013,18481.0
7316587,84158.0
29513479,48368.0
94023631,62605.0
74282682,50438.0
24048715,89344.0
15000013,61946.0
32941372,82340.0
9954784,67974.0
46045112,45044.0
66226138,47458.0
1650415,5579.0
74472224,42262.0
36412758,67054.0
9220762,55009.0
47022128,48724.0
32447152,48610.0
16571929,67934.0
93591172,41175.0
11498218,28024.0
54243141,49741.0
99578158,73244.0
29771581,48744.0
15948042,50547.0
56821362,23605.0
12126250,27774.0
31472773,60865.0
25195266,71314.0
61049241,78448.0
19734260,50070.0
42828320,38650.0
30490228,48494.0
37648192,7505.0
13225581,25170.0
98201998,47985.0
32503812,24759.0
30192102,55015.0
90728227,65075.0
22309226,18446.0
12141402,73502.0
82453256,50005.0
42237340,58040.0
95278,74143.0
37032241,62049.0
24341974,70555.0
7822421,41909.0
271316,67950.0
29222868,64496.0
38724001,97055.0
32705147,56870.0
51712442,4894.0
26722126,17634.0
4159216,91495.0
20702169,125.0
62712482,575.0
21131600,52274.0
19552164,60503.0
24522233,76491.0
32219468,38540.0
89909026,41117.0
90194162,97459.0
80242104,48050.0
8022968,13478.0
41524512,88452.0
48927921,88048.0
24335214,50165.0
62962300,95754.0
5120212,48405.0
60234371,15906.0
52245593,50524.0
277307,4536.0
7697053,57467.0
10294348,40066.0
49513244,61794.0
32413044,50863.0
1605887,41457.0
21124873,86492.0
49927115,19874.0
42197364,10547.0
24629234,48079.0
81186911,56498.0
33221939,24882.0
12565543,14507.0
17314412,65025.0
6487059,41537.0
23482014,45940.0
96225208,60535.0
16942298,21764.0
81541262,84748.0
52051548,50144.0
46280263,61612.0
32412558,17945.0
36157794,53031.0
79773164,87461.0
46372153,82747.0
29795217,10534.0
1717061,47475.0
22143317,5742.0
1214244,90547.0
21110959,96346.0
10212989,84822.0
2824726,38414.0
25522194,47687.0
44215412,74918.0
12944829,14599.0
20519961,46703.0
53152024,3484.0
63012064,97748.0
14164244,83940.0
10482468,44376.0
23501546,5665.0
72262814,94144.0
6654418,68845.0
42102882,83340.0
15490512,94793.0
9548313,86964.0
9768529,60449.0
66312498,73493.0
89740182,87475.0
15493312,14438.0
24669741,52032.0
62665952,87146.0
5297635,26749.0
21813277,84481.0
56082123,24731.0
42491125,81470.0
13470423,7241.0
42619491,15760.0
72947527,64501.0
72715542,4557.0
53722947,8948.0
1809038,61491.0
70915682,52847.0
52141046,40927.0
1224812,52416.0
3521142,74985.0
5431222,8401.0
35441012,52457.0
28523705,44761.0
25814959,429.0
98916915,74041.0
24740910,28784.0
64349702,47375.0
22014034,53016.0
56310238,41124.0
13655096,80571.0
59404126,50766.0
10026182,70556.0
97926971,92264.0
74610257,52059.0
15264217,4582.0
12478217,49480.0
12768610,1451.0
2924105,49533.0
73281292,14688.0
45460721,43734.0
48788951,54041.0
38373121,64786.0
18268659,18648.0
98294132,84694.0
61838289,20642.0
61941516,64169.0
71678838,86461.0
9960367,5497.0
40199942,41270.0
94606123,42277.0
6049297,40973.0
20482180,46986.0
21420341,34736.0
11122435,73461.0
40752457,41378.0
76599615,27420.0
91255179,74165.0
23117398,36764.0
12376907,64073.0
91212402,18114.0
3467760,17264.0
23811058,45002.0
8281408,32674.0
44201212,97429.0
15421919,72405.0
41139392,45686.0
39729410,31784.0
51723311,75486.0
8317362,69724.0
43193921,64763.0
32884196,77744.0
22439841,44250.0
4617795,40737.0
2414449,37433.0
48211032,17478.0
45341295,54117.0
4209100,74497.0
27293241,47133.0
40112699,17664.0
63958621,24709.0
81285541,70344.0
76240123,21264.0
96159269,42271.0
43141872,42742.0
22842431,67144.0
4125289,15674.0
8096929,4577.0
8355963,54476.0
21823462,7574.0
7074641,79394.0
42349441,79244.0
83064291,44507.0
75019524,48274.0
48702991,16439.0
39442218,55417.0
91546379,48297.0
87253009,84347.0
22844231,28492.0
83420012,14972.0
63224134,84837.0
61856520,74499.0
64147426,94791.0
11634442,47248.0
5461024,46673.0
24536519,32804.0
11054133,67648.0
71297313,4684.0
12420646,44617.0
52461330,14802.0
89424741,64718.0
9738782,98447.0
12342414,96647.0
6222836,85497.0
39710565,54448.0
46975512,47469.0
63434231,24697.0
21860956,49572.0
44613462,84053.0
44157264,40578.0
46024821,84014.0
71994614,70854.0
8046726,17453.0
22374109,60148.0
76618881,45181.0
24734581,81554.0
34442821,62942.0
7481743,8794.0
6258977,40814.0
7073364,27784.0
14224741,84904.0
82940641,18448.0
2038793,47440.0
21924489,40264.0
61970669,33784.0
54255911,36484.0
24318577,43083.0
24574151,83404.0
52219454,89840.0
47168978,41032.0
19192611,41248.0
2518370,79484.0
8423231,47715.0
33214236,35674.0
59213543,26904.0
1429631,95834.0
20714351,47824.0
14722166,24489.0
24114453,11547.0
12271434,77436.0
30441652,43585.0
31942261,45384.0
32046591,40238.0
15725504,63434.0
83112741,45288.0
21318479,71486.0
12611343,49855.0
25294142,80836.0
82457017,88324.0
97926751,47815.0
46341329,79490.0
76919769,43779.0
43192780,60844.0
4644231,48362.0
14214352,62477.0
43610723,47491.0
41301257,74076.0
62391452,71784.0
43262441,86646.0
62021336,46667.0
30316038,28274.0
25154322,2144.0
69689016,8814.0
11188387,17842.0
14492298,57844.0
1417292,55484.0
42208411,23962.0
18845464,83674.0
27511532,74578.0
76212940,80804.0
84211656,88274.0
45831732,45787.0
32551044,93485.0
7364698,9648.0
47677921,5748.0
22514731,48043.0
46011429,89774.0
72552641,64814.0
11608255,78348.0
3649061,47489.0
2632147,49448.0
92231396,88794.0
81122956,58924.0
2407802,4060.0
44702550,69147.0
70302328,47281.0
16103670,74858.0
79751243,98343.0
57615776,94749.0
9034731,68494.0
31222525,84817.0
29705612,98408.0
19029006,9540.0
17334283,34918.0
77418227,48173.0
39051193,90441.0
24051673,58148.0
85655120,9948.0
172277,44585.0
12791488,46153.0
12267367,94970.0
87137205,48892.0
34611129,47097.0
29615769,98406.0
20761016,94806.0
59424511,46091.0
3376712,83354.0
15512644,84836.0
20132584,6953.0
13337843,81947.0
61574249,99142.0
65318257,4677.0
12283075,3489.0
988097,92349.0
16149508,42648.0
1054792,49002.0
95312672,54975.0
14521712,96443.0
12131951,32493.0
73227881,44391.0
32561109,89432.0
22173820,43393.0
71611642,41993.0
25185129,48942.0
23618808,29484.0
95610768,94399.0
98082951,94767.0
92111347,47442.0
90587215,74942.0
92188728,44897.0
45217484,38494.0
50202661,24348.0
47211955,4949.0
34001892,1647.0
77623313,43496.0
74511776,68442.0
23848231,79439.0
12800356,67431.0
17853321,72954.0
7474433,49794.0
14129714,99438.0
15605872,42974.0
9183982,97514.0
21959812,59904.0
23119797,33285.0
11496737,94854.0
37192236,79654.0
49168292,45594.0
72667172,74559.0
8759284,93645.0
98373158,54946.0
721712,48849.0
47024141,49065.0
61329595,37874.0
57401616,44469.0
89102159,64639.0
2723201,14883.0
46809154,40997.0
41310026,12497.0
81972928,64239.0
14805221,9694.0
28116590,85400.0
51724244,88947.0
61189227,46260.0
13295332,94703.0
24120062,98438.0
81553674,18947.0
22007723,29554.0
19547271,46681.0
62123611,94714.0
89206322,64494.0
32135705,75024.0
3614923,98943.0
2435259,79941.0
49166,89674.0
61936142,94139.0
2140978,94992.0
22127461,85845.0
20492681,85487.0
37292014,54039.0
69913122,8949.0
82581443,49998.0
22212704,78964.0
90461270,73448.0
4909942,97469.0
23167490,94519.0
75211275,44993.0
2965371,31149.0
58728113,4848.0
2977293,5106.0
9862070,53101.0
8309586,44958.0
71340036,65200.0
22210,33726.0
95313442,8814.0
20816929,53865.0
71042936,10355.0
42156672,25503.0
62856117,45005.0
32631826,39454.0
86266137,44378.0
55241159,58944.0
25194618,99949.0
24528732,35429.0
25224190,35908.0
26311662,10556.0
19094265,82764.0
67217964,97845.0
5362494,5340.0
119425,28454.0
2403917,54707.0
2493262,44998.0
19233473,55054.0
12485156,62450.0
27602074,34478.0
98658174,58408.0
43113463,90947.0
6738819,45174.0
24292215,5513.0
78137133,41045.0
416672,85025.0
49255224,8814.0
42601495,94469.0
15496530,20585.0
53856227,13742.0
97311057,48866.0
2193530,65205.0
71476773,11448.0
71934142,94955.0
10331494,4267.0
23841214,74796.0
32837161,31233.0
24715420,54738.0
48265271,30650.0
2327546,95507.0
53377202,2655.0
62058217,96055.0
52722823,24187.0
20446112,15844.0
95163266,5028.0
82020693,38439.0
68154214,75498.0
62913863,41350.0
42621764,19494.0
12912333,74472.0
1134248,55380.0
6857950,49905.0
21487507,69454.0
82797913,54093.0
56282729,20534.0
38206630,20256.0
36597502,84781.0
54403621,11449.0
52993861,5505.0
29672224,87482.0
12054835,70250.0
88906319,49492.0
79871125,53081.0
98760122,58474.0
23873919,46055.0
63168685,45045.0
31564861,41018.0
65249103,54774.0
46232149,46086.0
34260014,83455.0
43210684,24775.0
10588124,46880.0
92176147,26485.0
74232515,544.0
25023268,41572.0
31547322,75486.0
79521172,54090.0
64257920,55055.0
41125601,60531.0
27572961,4353.0
20292586,54227.0
62453124,30232.0
1089112,14751.0
85896149,37445.0
81927418,62205.0
84734301,2735.0
43415740,92498.0
79922199,41827.0
55169216,49188.0
10263428,5610.0
22375958,62694.0
69115529,37477.0
51307937,91470.0
4143235,14717.0
24198220,51467.0
80184749,74107.0
25205194,59451.0
28659191,70646.0
25134473,87403.0
12148271,49680.0
16848249,18584.0
65211649,23914.0
6155944,76746.0
67313241,64877.0
23646251,57046.0
75194123,7414.0
15226463,40448.0
27381375,31874.0
28545184,87654.0
42810136,18774.0
86971019,67549.0
18224335,53842.0
11752145,48678.0
29614242,50794.0
94612124,47640.0
14240353,84474.0
29171411,76467.0
43256183,88374.0
18142034,45187.0
41748422,77477.0
91632214,45488.0
79635142,46847.0
41220401,14584.0
2875046,34483.0
23816453,47684.0
13584523,83784.0
84424171,43897.0
3711999,44481.0
5717318,42884.0
26828415,46842.0
44503196,48743.0
56237041,94258.0
14154125,76456.0
1265800,42328.0
279102,69312.0
52832136,46118.0
62344127,87742.0
26437177,41802.0
41205114,45408.0
63472812,27243.0
29359216,68475.0
28251021,68467.0
21214546,84847.0
31980819,43078.0
11831239,76847.0
62421993,53774.0
12570710,68844.0
57738421,54777.0
21435924,49578.0
92599147,23714.0
40312814,47850.0
47179616,64853.0
71943614,47188.0
20753113,46824.0
17141626,66842.0
20040215,40582.0
62411476,91487.0
90261932,43785.0
56882118,14827.0
82159712,88476.0
50565129,91448.0
97302962,48504.0
32921664,84788.0
81113659,35849.0
22617284,49548.0
22836613,49803.0
11621981,48251.0
21160147,84849.0
75152829,49832.0
62119339,14549.0
80471122,87843.0
15479722,97431.0
62716226,14293.0
83376612,79480.0
7340753,74538.0
70517467,22034.0
22137277,98847.0
31334187,81486.0
11172751,43419.0
65169359,19704.0
72612567,29294.0
1016792,30940.0
44120118,49874.0
31529241,45816.0
48227114,92474.0
34274136,94485.0
11995254,97413.0
68421530,91940.0
27021553,94935.0
28795114,66284.0
36175122,94453.0
15696072,22594.0
73199689,83540.0
78317185,154.0
11100233,59644.0
1217669,49454.0
39219323,32559.0
42277431,49857.0
25185911,24884.0
11664842,97304.0
22096626,35694.0
8121192,45966.0
9219845,47938.0
6362591,34928.0
32634791,87942.0
22092102,98412.0
78585197,99341.0
8292124,49841.0
3248420,84915.0
20724837,10444.0
78275415,94189.0
61270281,47566.0
43768817,46159.0
14431842,52367.0
78143847,42629.0
19942763,40717.0
39431524,46722.0
52413812,67485.0
24841332,74741.0
82172041,76400.0
12442793,40718.0
6633386,16454.0
68282195,46609.0
51988245,40488.0
82417926,77841.0
1555710,469.0
29313887,54927.0
93171363,71542.0
21124428,81284.0
4124174,44180.0
14942425,62544.0
52137751,89347.0
9668896,48517.0
29350713,35483.0
40516323,36478.0
64512658,80465.0
84731724,47654.0
67317401,85449.0
50226850,29684.0
41022452,60884.0
62174420,39487.0
6622602,88594.0
1707186,98481.0
49502150,38148.0
78235081,49003.0
19260548,64848.0
23581182,90645.0
32686811,9214.0
2215361,65498.0
35041862,8944.0
26194821,43217.0
77312900,48469.0
21063942,14298.0
61924231,99242.0
21064069,34744.0
91084488,42998.0
92413505,47049.0
46401212,99453.0
22318882,70441.0
35102342,18244.0
66174472,95244.0
81934020,98348.0
58589125,49943.0
52488184,54947.0
2580274,34940.0
82608212,90454.0
1651199,46799.0
3380394,46969.0
82052058,43693.0
19827025,94607.0
49146971,94664.0
1831992,46979.0
2039921,38254.0
11275607,14970.0
16908873,61498.0
99189699,89034.0
29161226,44247.0
64612311,94874.0
91094217,53429.0
21877741,47049.0
10922924,39497.0
48305122,56484.0
28913148,25401.0
68012767,64815.0
69654199,61497.0
6242046,359.0
41843021,53033.0
75206232,58038.0
2625567,8045.0
25732189,49336.0
92553312,87845.0
20760241,33447.0
9011990,55430.0
72028122,14277.0
52413501,77550.0
62344827,64631.0
9148856,99456.0
22712529,84050.0
52579441,12585.0
52432481,26485.0
4793601,34189.0
87633022,74895.0
2931025,8264.0
1136542,83848.0
45466417,84900.0
82683116,46823.0
63721799,8750.0
26384224,74609.0
92159141,29143.0
5541434,93648.0
3495308,49335.0
10323368,6035.0
3941553,50839.0
92855222,5340.0
22263377,43237.0
15242011,18844.0
29124424,75442.0
12260021,48894.0
10769132,58085.0
37420244,62394.0
71882328,78914.0
70662892,94389.0
43126558,46309.0
24497915,6715.0
81228345,87362.0
12112649,50407.0
88415301,8945.0
1799517,48284.0
23405122,36437.0
129197,4570.0
243521,65480.0
41622422,14805.0
3143560,41186.0
39412774,24397.0
74238143,84152.0
53412206,48646.0
12979920,14856.0
2384167,74917.0
18285434,54480.0
6143607,35488.0
28512024,76474.0
12094738,84804.0
24638591,98424.0
7962048,93843.0
12586219,98842.0
41102764,29714.0
10210274,41021.0
18537293,87904.0
58562199,99490.0
62031816,23189.0
79570011,11649.0
19727712,19484.0
11137725,21974.0
28778137,44905.0
68418117,97320.0
50200138,35732.0
5657336,40948.0
76372815,79624.0
15288690,44809.0
63420192,47549.0
44737116,45749.0
16390293,93423.0
20178157,94865.0
12499888,78904.0
47121462,97426.0
95232108,41296.0
59916426,64975.0
43219947,89464.0
52031488,29948.0
48048111,49568.0
99010826,89495.0
8063629,83871.0
83716475,49769.0
71913452,315.0
89459118,99248.0
60428221,14273.0
61911412,68946.0
29213791,99814.0
21462901,74441.0
12645221,24719.0
10478068,94986.0
12094020,67642.0
56498511,74681.0
1314892,48103.0
86037198,94434.0
21767943,18246.0
4644638,84391.0
51459542,28643.0
47818112,41880.0
39591102,86346.0
46018749,74924.0
13814121,47683.0
14229224,52841.0
42474713,90414.0
66247381,50841.0
67519597,73449.0
24182884,34379.0
81422772,43989.0
17660259,64269.0
25127,64097.0
7220520,28249.0
1426877,88194.0
80221278,88456.0
58027841,20984.0
59156872,84799.0
47202121,49390.0
12912696,28470.0
14229523,86458.0
91322001,80747.0
14993372,70462.0
8423143,84681.0
18282324,44277.0
19569768,14425.0
83516973,68423.0
2637728,41439.0
58127980,457.0
127846,71452.0
12310495,47481.0
27402412,54982.0
4354374,26984.0
42592315,87540.0
13758022,83429.0
14176524,48293.0
54913129,48870.0
79041787,47961.0
99961922,30728.0
51997538,39391.0
19534274,52184.0
93511543,89341.0
95168215,67744.0
48233315,14847.0
31238815,8478.0
27565101,35454.0
2911168,57874.0
55172502,9074.0
19926292,91548.0
9867026,87488.0
56911255,34867.0
27112544,67044.0
21718850,40868.0
89195559,2884.0
41425353,64670.0
14363242,56488.0
51654518,8834.0
12816237,59804.0
64515894,97849.0
70242708,64908.0
6737194,34865.0
66275461,78874.0
80528513,94613.0
69588913,45527.0
91686551,76312.0
8998726,49529.0
76332106,14894.0
91728719,49442.0
49257703,99485.0
97192532,46922.0
29773211,77094.0
12334206,95674.0
2399298,91477.0
7311311,46869.0
23139223,89444.0
41229896,4775.0
23741022,74811.0
61157309,12774.0
91830435,24648.0
41052005,48105.0
16101260,47804.0
39811499,34688.0
57529810,96419.0
8105297,60497.0
9491628,82419.0
2101880,15525.0
22441954,59453.0
32300133,49690.0
50009227,99804.0
8921667,47938.0
12034520,2949.0
47202632,45646.0
68183023,43262.0
20141449,60883.0
65776816,86475.0
21314982,57034.0
12341813,58574.0
59884162,14268.0
9192803,19049.0
11120482,71994.0
57202118,38140.0
14576274,22419.0
72711731,42579.0
81620971,97984.0
3629155,46116.0
32557601,98328.0
18635520,73946.0
29156394,34058.0
12467478,40482.0
52575074,72174.0
76411208,40947.0
16884827,49849.0
18267698,10943.0
70115351,34795.0
34182824,44179.0
94344541,49317.0
27033277,78394.0
92280220,89945.0
96409222,81005.0
72600492,50115.0
71128921,53807.0
68307138,57023.0
8221695,18654.0
66510799,44166.0
64841044,50608.0
85350226,29405.0
76283926,20705.0
52638265,13507.0
72979517,76507.0
11712864,70335.0
3206133,48114.0
38426613,40080.0
54644125,89794.0
32416128,60941.0
425105,44198.0
26121712,80549.0
61706028,88481.0
95691972,69496.0
32030222,46998.0
15286623,24994.0
23123613,59005.0
86194460,60245.0
57224647,19442.0
78272128,55493.0
82816090,83749.0
28204240,39418.0
2852725,64779.0
32680020,93984.0
3257224,83105.0
97905117,4025.0
5887121,51027.0
11856022,3351.0
59716235,3530.0
15226267,43540.0
35331808,95630.0
61285286,50172.0
4208452,51606.0
27128953,15075.0
53395561,63326.0
15308119,48108.0
24172094,60354.0
62565960,7694.0
17444922,44781.0
10204723,61498.0
44219761,49828.0
72780995,64834.0
8538432,48827.0
27731745,46899.0
4968028,92419.0
91312774,86455.0
42187374,60215.0
23740622,5015.0
84386227,47484.0
79815993,50560.0
32174024,6532.0
21219437,18748.0
8078728,75100.0
27172209,75000.0
82279302,54600.0
34842062,53005.0
60293029,55910.0
8408327,2570.0
3752161,74456.0
18642022,70541.0
12574867,52110.0
37611211,10356.0
62342280,51034.0
62676512,90255.0
54520925,60745.0
93282961,53564.0
10139343,80865.0
26110774,63450.0
6203977,54609.0
20975725,65960.0
29290784,30984.0
2021124,80055.0
57171221,57450.0
19167257,15001.0
25143302,5264.0
25131485,30576.0
52229010,21234.0
14613424,94687.0
50480121,84740.0
4140823,89442.0
39012192,45439.0
94124843,79347.0
26345001,30421.0
81970529,20955.0
4895379,5830.0
52265030,3546.0
5851527,70503.0
5053078,
